,0,1,label,true_label
0,0.16301173414798154,0.8369882658520185,1,1
1,0.09153291594735724,0.9084670840526428,1,0
2,0.9409783177796772,0.05902168222032274,0,0
3,0.5344136153698114,0.46558638463018864,0,0
4,0.345791396438277,0.654208603561723,1,0
5,0.8240126557604549,0.1759873442395451,0,0
6,0.8357880551133146,0.16421194488668547,0,0
7,0.7882134764191532,0.21178652358084676,0,1
8,0.9368934153104794,0.0631065846895206,0,0
9,0.08572029442210963,0.9142797055778904,1,1
10,0.9391907422906138,0.06080925770938618,0,0
11,0.07843921278049595,0.921560787219504,1,1
12,0.38883328341583934,0.6111667165841606,1,1
13,0.06631654836266118,0.9336834516373387,1,1
14,0.1355496968329361,0.8644503031670638,1,1
15,0.12713483810961024,0.8728651618903898,1,1
16,0.8422905239792169,0.157709476020783,0,0
17,0.12152293465033498,0.878477065349665,1,1
18,0.894962905846426,0.10503709415357404,0,0
19,0.9035943845018537,0.09640561549814622,0,0
20,0.7643247231217644,0.23567527687823556,0,0
21,0.922370198957949,0.07762980104205092,0,0
22,0.9374470960933302,0.06255290390666987,0,0
23,0.18332460211808305,0.8166753978819169,1,1
24,0.8002701540948667,0.19972984590513324,0,0
25,0.06913059516361826,0.9308694048363817,1,1
26,0.25622974089621253,0.7437702591037874,1,0
27,0.12519237052302695,0.874807629476973,1,1
28,0.07243580502502546,0.9275641949749747,1,1
29,0.08594147070699505,0.914058529293005,1,0
30,0.46619240975691095,0.533807590243089,1,0
31,0.08524798155144636,0.9147520184485536,1,1
32,0.9341372155974159,0.06586278440258403,0,0
33,0.8970516014562335,0.10294839854376657,0,0
34,0.6249723710736573,0.3750276289263426,0,0
35,0.9328821930611934,0.06711780693880669,0,0
36,0.05125749733609656,0.9487425026639035,1,1
37,0.061508258122754136,0.9384917418772458,1,0
38,0.07204971275738722,0.9279502872426129,1,1
39,0.24837952505898667,0.7516204749410134,1,1
40,0.6077355795049444,0.39226442049505567,0,1
41,0.06330521687054173,0.9366947831294583,1,1
42,0.27658917345765827,0.7234108265423417,1,1
43,0.4228050626539198,0.5771949373460803,1,0
44,0.9200465591551173,0.07995344084488266,0,0
45,0.2288310021599317,0.7711689978400683,1,1
46,0.3437897042106786,0.6562102957893214,1,1
47,0.1368500894572923,0.8631499105427077,1,1
48,0.049731282754283006,0.950268717245717,1,1
49,0.24430006397232248,0.7556999360276776,1,1
50,0.9344837866808758,0.06551621331912416,0,0
51,0.07502096243668574,0.9249790375633141,1,0
52,0.21553716910037357,0.7844628308996264,1,1
53,0.07294072995678146,0.9270592700432184,1,1
54,0.5199781644117498,0.48002183558825007,0,0
55,0.942503885840043,0.057496114159957125,0,0
56,0.11445023025977451,0.8855497697402255,1,1
57,0.5328507278858315,0.46714927211416835,0,1
58,0.9314719790222192,0.06852802097778077,0,0
59,0.9464740359967071,0.05352596400329293,0,0
60,0.2406161469073871,0.7593838530926129,1,1
61,0.1779539155582721,0.8220460844417278,1,1
62,0.9376193769985938,0.062380623001406184,0,0
63,0.9440809418181377,0.055919058181862304,0,0
64,0.06818407265504349,0.9318159273449564,1,1
65,0.8509093512849301,0.14909064871507002,0,0
66,0.7306320990771766,0.2693679009228235,0,0
67,0.8372582575135268,0.16274174248647308,0,0
68,0.14321133903815542,0.8567886609618447,1,0
69,0.10231512288168622,0.8976848771183139,1,1
70,0.09402231334767679,0.9059776866523231,1,1
71,0.2574699747705556,0.7425300252294444,1,1
72,0.8757314699465228,0.12426853005347704,0,0
73,0.0709792935384977,0.9290207064615024,1,1
74,0.3131812557379916,0.6868187442620084,1,1
75,0.9305708782867373,0.06942912171326279,0,1
76,0.9491504618216806,0.05084953817831945,0,0
77,0.44276975386787815,0.5572302461321218,1,1
78,0.9439718972593943,0.05602810274060571,0,0
79,0.9407505089848277,0.05924949101517236,0,0
80,0.20220739194137188,0.7977926080586282,1,1
81,0.5620657430757223,0.4379342569242777,0,1
82,0.1135013723677576,0.8864986276322423,1,1
83,0.09868399438551445,0.9013160056144855,1,1
84,0.0889072392681235,0.9110927607318765,1,1
85,0.2607069672902946,0.7392930327097055,1,1
86,0.08599662308418289,0.9140033769158171,1,1
87,0.849172374480547,0.15082762551945306,0,0
88,0.38346841323993225,0.6165315867600677,1,1
89,0.10111363660093338,0.8988863633990666,1,1
90,0.05106197634677162,0.9489380236532283,1,1
91,0.3697034914649121,0.6302965085350879,1,0
92,0.11552554543097382,0.8844744545690262,1,1
93,0.08218851931156836,0.9178114806884317,1,1
94,0.5383430579200922,0.4616569420799079,0,0
95,0.10182215584118481,0.8981778441588152,1,0
96,0.9419043030205585,0.05809569697944152,0,0
97,0.895632540037457,0.10436745996254314,0,0
98,0.09772720270297172,0.9022727972970283,1,1
99,0.07467049537351847,0.9253295046264816,1,1
100,0.9172774739525427,0.08272252604745733,0,0
101,0.8777461578429397,0.12225384215706035,0,0
102,0.048752260422448915,0.9512477395775512,1,1
103,0.9403039130787738,0.05969608692122623,0,0
104,0.12091312612366527,0.8790868738763347,1,1
105,0.19767297858803506,0.802327021411965,1,1
106,0.3766728949725963,0.6233271050274036,1,1
107,0.7025519014172825,0.2974480985827175,0,0
108,0.19376667762855662,0.8062333223714433,1,1
109,0.05454559729838801,0.945454402701612,1,1
110,0.11228908190380531,0.8877109180961947,1,1
111,0.9362748595639795,0.06372514043602061,0,0
112,0.7786245895217743,0.22137541047822581,0,0
113,0.06385708406858281,0.9361429159314173,1,1
114,0.10990194386592719,0.8900980561340728,1,1
115,0.9395574947795188,0.060442505220481245,0,0
116,0.7212115253336585,0.27878847466634155,0,0
117,0.39323927361438027,0.6067607263856197,1,1
118,0.05338844027148872,0.9466115597285113,1,1
119,0.9488035764096124,0.0511964235903875,0,0
120,0.08350344888534611,0.916496551114654,1,1
121,0.10555444003018495,0.894445559969815,1,1
122,0.07856756372431109,0.921432436275689,1,1
123,0.08483752647107588,0.915162473528924,1,1
124,0.37040323592357505,0.629596764076425,1,1
125,0.06661390074827223,0.9333860992517279,1,1
126,0.9238740712102067,0.07612592878979342,0,1
127,0.1333791857154989,0.8666208142845011,1,1
128,0.8136380068676405,0.18636199313235954,0,0
129,0.39764363899724564,0.6023563610027544,1,0
130,0.4355934006251491,0.5644065993748509,1,0
131,0.03990217000757864,0.9600978299924213,1,1
132,0.07763601307605647,0.9223639869239435,1,1
133,0.09273326569875896,0.907266734301241,1,1
134,0.04901256753393966,0.9509874324660603,1,1
135,0.057271042227862855,0.942728957772137,1,1
136,0.4151387829464439,0.5848612170535561,1,1
137,0.8149282942439908,0.18507170575600912,0,0
138,0.09114893123469084,0.9088510687653092,1,1
139,0.09078119648407228,0.9092188035159278,1,1
140,0.9213751999208087,0.07862480007919126,0,0
141,0.8543837650247179,0.14561623497528206,0,0
142,0.17607590785967583,0.8239240921403242,1,1
143,0.08673708936967388,0.9132629106303262,1,1
144,0.08323546727620332,0.9167645327237968,1,1
145,0.5879093925157591,0.41209060748424087,0,0
146,0.0663115999396664,0.9336884000603336,1,1
147,0.8012759139192983,0.19872408608070175,0,0
148,0.06117276735397155,0.9388272326460285,1,1
149,0.109730989420491,0.8902690105795089,1,1
150,0.908667844061284,0.09133215593871599,0,0
151,0.923052882591449,0.07694711740855104,0,0
152,0.16693993673449814,0.8330600632655019,1,1
153,0.910680303900754,0.08931969609924584,0,0
154,0.06626290413139298,0.933737095868607,1,1
155,0.6008308756921832,0.39916912430781676,0,0
156,0.5461726915934909,0.4538273084065091,0,0
157,0.11129342558649065,0.8887065744135093,1,1
158,0.9387580915753674,0.061241908424632674,0,0
159,0.32553418751875673,0.6744658124812434,1,1
160,0.9303125597159997,0.06968744028400042,0,0
161,0.06409660905586896,0.935903390944131,1,1
162,0.7343399548315069,0.26566004516849306,0,0
163,0.0687499772573291,0.9312500227426709,1,1
164,0.08704956890714573,0.9129504310928542,1,1
165,0.9372694070522446,0.06273059294775533,0,0
166,0.522333131886191,0.477666868113809,0,0
167,0.935605433235968,0.06439456676403199,0,0
168,0.5095379424350213,0.49046205756497874,0,0
169,0.9461895530459612,0.0538104469540388,0,0
170,0.5891557630899684,0.4108442369100316,0,0
171,0.7545578094752142,0.2454421905247858,0,0
172,0.9216259779622666,0.0783740220377335,0,0
173,0.9265519396939877,0.07344806030601221,0,0
174,0.18829562312125653,0.8117043768787434,1,0
175,0.9439314716995227,0.0560685283004772,0,0
176,0.9339009387395485,0.06609906126045155,0,0
177,0.08722082739834333,0.9127791726016566,1,1
178,0.8250010295376949,0.1749989704623051,0,0
179,0.3216160805445515,0.6783839194554485,1,1
180,0.876956324957915,0.123043675042085,0,0
181,0.8399141899156937,0.1600858100843063,0,1
182,0.15547419323065578,0.8445258067693442,1,0
183,0.05942541834401711,0.940574581655983,1,1
184,0.8971060643447832,0.1028939356552168,0,0
185,0.8603463055995967,0.13965369440040346,0,0
186,0.8072045461446352,0.1927954538553648,0,0
187,0.930009861805029,0.06999013819497096,0,0
188,0.9296328336500286,0.07036716634997146,0,0
189,0.917394318562291,0.08260568143770894,0,0
190,0.9008485981609771,0.099151401839023,0,0
191,0.9206821868514882,0.07931781314851175,0,0
192,0.8047495530732333,0.1952504469267668,0,0
193,0.6787602427253261,0.321239757274674,0,0
194,0.09967423965844723,0.9003257603415528,1,0
195,0.07622853050145977,0.9237714694985403,1,1
196,0.30266378114031856,0.6973362188596813,1,1
197,0.05864750658581263,0.9413524934141874,1,1
198,0.0794777748766566,0.9205222251233434,1,1
199,0.73762107564849,0.26237892435151006,0,1
200,0.26810135265722845,0.7318986473427717,1,1
201,0.8920791889102364,0.10792081108976358,0,0
202,0.9342142389323119,0.06578576106768821,0,0
203,0.9414546824154449,0.05854531758455505,0,0
204,0.3708145671852614,0.6291854328147387,1,1
205,0.6424609085183105,0.35753909148168955,0,1
206,0.8677607417491948,0.13223925825080518,0,0
207,0.5123163709435765,0.4876836290564235,0,1
208,0.04404171175034812,0.9559582882496519,1,0
209,0.054630959901148274,0.9453690400988518,1,1
210,0.2604136040705171,0.7395863959294829,1,0
211,0.2566377429841172,0.7433622570158828,1,1
212,0.3516358809352586,0.6483641190647413,1,1
213,0.0370173681971169,0.9629826318028831,1,1
214,0.24306563277018065,0.7569343672298194,1,1
215,0.7044473773339003,0.29555262266609966,0,1
216,0.327543453456843,0.672456546543157,1,1
217,0.10310238741478715,0.8968976125852128,1,0
218,0.8910120658512567,0.10898793414874329,0,0
219,0.9409456420187307,0.05905435798126929,0,1
220,0.9470642715125506,0.05293572848744939,0,0
221,0.9334902839413209,0.06650971605867896,0,0
222,0.1305053422087361,0.8694946577912639,1,0
223,0.07961598350289359,0.9203840164971064,1,1
224,0.04712998322987208,0.9528700167701278,1,1
225,0.32251183339418144,0.6774881666058186,1,1
226,0.06051294026297795,0.9394870597370221,1,1
227,0.9365103420806371,0.06348965791936302,0,0
228,0.5751098194554186,0.4248901805445814,0,1
229,0.7096086261588235,0.2903913738411764,0,0
230,0.8979934604966923,0.10200653950330768,0,0
231,0.8878521806515445,0.11214781934845561,0,0
232,0.08038218371917732,0.9196178162808226,1,1
233,0.8641788802680815,0.1358211197319185,0,1
234,0.04740689524619412,0.952593104753806,1,1
235,0.7574833581210996,0.24251664187890043,0,0
236,0.07766006912416319,0.9223399308758369,1,1
237,0.4667078092123586,0.5332921907876415,1,0
238,0.05013676312329683,0.9498632368767033,1,1
239,0.7398570930063298,0.2601429069936701,0,0
240,0.8519276101266259,0.1480723898733741,0,0
241,0.8613682610694772,0.13863173893052275,0,0
242,0.099169729904128,0.900830270095872,1,1
243,0.24021449825472588,0.759785501745274,1,1
244,0.6363780458546846,0.3636219541453153,0,0
245,0.12315673258479486,0.8768432674152051,1,1
246,0.05655318116581461,0.9434468188341854,1,1
247,0.9375971921206246,0.062402807879375376,0,0
248,0.8785295521221009,0.12147044787789915,0,0
249,0.1452664652616555,0.8547335347383446,1,1
250,0.7722034294030818,0.22779657059691816,0,0
251,0.948525376472944,0.05147462352705601,0,0
252,0.17227041144133332,0.8277295885586667,1,1
253,0.04495713059270702,0.955042869407293,1,1
254,0.46940239871617556,0.5305976012838245,1,1
255,0.7614685183068397,0.23853148169316024,0,0
256,0.2319113486060047,0.7680886513939953,1,0
257,0.11105517874516278,0.8889448212548371,1,1
258,0.46737522468626885,0.5326247753137312,1,0
259,0.061801235789883745,0.9381987642101163,1,1
260,0.5788086914959203,0.4211913085040797,0,1
261,0.0939908556971939,0.906009144302806,1,1
262,0.5724697831322556,0.42753021686774434,0,1
263,0.08538957119327181,0.9146104288067283,1,1
264,0.7176830079541849,0.28231699204581506,0,0
265,0.9323626100013497,0.06763738999865021,0,0
266,0.10549736547453123,0.8945026345254687,1,1
267,0.059956159213873296,0.9400438407861268,1,1
268,0.08185982004047845,0.9181401799595216,1,1
269,0.09301437061111117,0.9069856293888889,1,1
270,0.723924002799888,0.27607599720011206,0,0
271,0.6760827619202243,0.3239172380797757,0,0
272,0.9540060520543241,0.04599394794567601,0,0
273,0.07131086234454903,0.9286891376554509,1,1
274,0.8246260876201454,0.17537391237985453,0,0
275,0.4329011306466656,0.5670988693533344,1,1
276,0.04016824565903247,0.9598317543409676,1,1
277,0.8906151829865918,0.10938481701340827,0,0
278,0.7451990235911424,0.2548009764088575,0,0
279,0.9179602662533853,0.08203973374661465,0,0
280,0.2509400292843529,0.7490599707156472,1,1
281,0.8948489956580884,0.10515100434191153,0,1
282,0.9546502431617627,0.045349756838237255,0,0
283,0.8930243897262691,0.10697561027373088,0,0
284,0.06858825389063457,0.9314117461093654,1,1
285,0.8070595023197591,0.19294049768024096,0,0
286,0.8137684146687734,0.18623158533122655,0,0
287,0.050873325829703615,0.9491266741702964,1,1
288,0.7460986231084862,0.2539013768915137,0,0
289,0.41667826192964047,0.5833217380703595,1,0
290,0.17327069707654147,0.8267293029234585,1,1
291,0.744279662761331,0.25572033723866894,0,0
292,0.43739414093260454,0.5626058590673955,1,0
293,0.14681650327948007,0.8531834967205199,1,1
294,0.8057804260878383,0.1942195739121618,0,1
295,0.7151836297895052,0.2848163702104949,0,0
296,0.9209531932491507,0.07904680675084917,0,0
297,0.06680917071974259,0.9331908292802574,1,1
298,0.9262165616638957,0.07378343833610436,0,0
299,0.13286854727017727,0.8671314527298228,1,1
300,0.06712985859490622,0.9328701414050937,1,1
301,0.09998440988478112,0.9000155901152189,1,1
302,0.18579058844629043,0.8142094115537095,1,1
303,0.1201882625757281,0.879811737424272,1,0
304,0.9066051628250673,0.09339483717493262,0,0
305,0.10348437012776542,0.8965156298722347,1,1
306,0.05569104341439215,0.9443089565856079,1,1
307,0.8700047953330419,0.12999520466695821,0,1
308,0.6324036702597905,0.36759632974020945,0,1
309,0.15453527091930622,0.8454647290806938,1,1
310,0.07214741286851627,0.9278525871314838,1,1
311,0.9216076848156028,0.0783923151843971,0,0
312,0.8137534719802487,0.18624652801975122,0,0
313,0.06482094429886413,0.9351790557011359,1,1
314,0.16130222768980776,0.8386977723101923,1,0
315,0.05161598753878353,0.9483840124612164,1,1
316,0.09132128510524117,0.9086787148947589,1,1
317,0.9266903718695763,0.07330962813042377,0,0
318,0.9180921557637659,0.0819078442362341,0,0
319,0.3838151229769608,0.6161848770230393,1,1
320,0.8392380864893141,0.16076191351068597,0,0
321,0.9496565004873303,0.05034349951266968,0,0
322,0.9468877028877184,0.053112297112281506,0,0
323,0.09995214060940637,0.9000478593905936,1,1
324,0.7224058429763439,0.2775941570236561,0,0
325,0.09554890361215332,0.9044510963878467,1,1
326,0.04710176540677852,0.9528982345932215,1,1
327,0.9222680717038471,0.07773192829615297,0,0
328,0.0729025193422304,0.9270974806577696,1,1
329,0.27088331053606407,0.7291166894639358,1,0
330,0.12032486545823037,0.8796751345417696,1,1
331,0.06879481644693385,0.9312051835530663,1,1
332,0.9175285742203373,0.08247142577966268,0,0
333,0.9329768579973485,0.06702314200265154,0,0
334,0.9505224152148127,0.049477584785187226,0,0
335,0.29626502395761245,0.7037349760423877,1,1
336,0.9253892040231764,0.07461079597682357,0,0
337,0.05019062083816065,0.9498093791618393,1,1
338,0.9526707931829165,0.04732920681708347,0,0
339,0.5251877120864374,0.4748122879135626,0,1
340,0.3503123964882254,0.6496876035117747,1,1
341,0.9443222204356121,0.05567777956438796,0,0
342,0.05000082884138698,0.949999171158613,1,1
343,0.12096544337001577,0.8790345566299842,1,1
344,0.07702836956907308,0.9229716304309269,1,1
345,0.9173918577962745,0.08260814220372546,0,0
346,0.3622413715335692,0.6377586284664307,1,1
347,0.9451328479092441,0.05486715209075599,0,0
348,0.9230493620553789,0.07695063794462102,0,0
349,0.0867007095457746,0.9132992904542254,1,1
350,0.16712087310989748,0.8328791268901026,1,0
351,0.1448173475598131,0.8551826524401869,1,1
352,0.9258351268462393,0.07416487315376073,0,0
353,0.07606135117419431,0.9239386488258058,1,1
354,0.8497950381710827,0.15020496182891732,0,0
355,0.42845591899378666,0.5715440810062133,1,0
356,0.05226465152451462,0.9477353484754854,1,1
357,0.9264485831106309,0.07355141688936916,0,0
358,0.8105202791682066,0.18947972083179354,0,0
359,0.15272776134016897,0.8472722386598311,1,0
360,0.4668784276053472,0.5331215723946529,1,0
361,0.1906279399864088,0.8093720600135912,1,1
362,0.9178137884922839,0.08218621150771614,0,0
363,0.049256037886779354,0.9507439621132207,1,1
364,0.290979213959539,0.709020786040461,1,1
365,0.9330552330851319,0.06694476691486806,0,0
366,0.5276953953189436,0.4723046046810564,0,1
367,0.4804043053331268,0.5195956946668733,1,1
368,0.7452331824086306,0.2547668175913695,0,1
369,0.7350578529707815,0.2649421470292185,0,0
370,0.20904947899444679,0.7909505210055532,1,1
371,0.06198543430246936,0.9380145656975307,1,1
372,0.9479230253045305,0.052076974695469576,0,0
373,0.0779627154936657,0.9220372845063344,1,1
374,0.26130631276939387,0.7386936872306062,1,1
375,0.05827240083744397,0.9417275991625561,1,1
376,0.696577135252772,0.30342286474722807,0,0
377,0.12703755749111773,0.8729624425088823,1,1
378,0.06519847192889405,0.9348015280711058,1,1
379,0.8831479425060381,0.11685205749396185,0,1
380,0.839445024574785,0.16055497542521507,0,1
381,0.12699868868261008,0.87300131131739,1,1
382,0.3482358693684854,0.6517641306315145,1,1
383,0.6046879170205756,0.3953120829794244,0,0
384,0.927286824441069,0.07271317555893096,0,0
385,0.4695258311913535,0.5304741688086465,1,0
386,0.9045587990227104,0.09544120097728956,0,1
387,0.9181298773260765,0.08187012267392331,0,0
388,0.05367012414301033,0.9463298758569897,1,1
389,0.9162989925452831,0.083701007454717,0,0
390,0.7617644798318804,0.23823552016811947,0,0
391,0.21533387702997628,0.7846661229700237,1,0
392,0.0933215341741656,0.9066784658258344,1,1
393,0.9217402773400567,0.0782597226599432,0,0
394,0.941167641468104,0.05883235853189596,0,0
395,0.9253077400041126,0.07469225999588737,0,0
396,0.9446616796858014,0.05533832031419865,0,0
397,0.0732430915983451,0.9267569084016549,1,1
398,0.23001478356707322,0.7699852164329268,1,1
399,0.34452598246278854,0.6554740175372114,1,1
400,0.07380780792453052,0.9261921920754694,1,1
401,0.4612956374848048,0.5387043625151952,1,1
402,0.2754784961641924,0.7245215038358075,1,0
403,0.12299278766062584,0.8770072123393742,1,1
404,0.06895757628257093,0.9310424237174292,1,1
405,0.11251808923893426,0.8874819107610658,1,1
406,0.39636042302151614,0.6036395769784838,1,1
407,0.9384504947101465,0.06154950528985349,0,0
408,0.9221458189725528,0.07785418102744728,0,0
409,0.13722721608180447,0.8627727839181955,1,1
410,0.18592840732244112,0.8140715926775589,1,1
411,0.04517235159337328,0.9548276484066267,1,0
412,0.9453014010527641,0.05469859894723597,0,0
413,0.870233106048047,0.12976689395195304,0,0
414,0.07641505040573242,0.9235849495942676,1,1
415,0.20442911619497198,0.795570883805028,1,1
416,0.08647005874737922,0.9135299412526208,1,1
417,0.8112099888479929,0.18879001115200708,0,0
418,0.0847837786442884,0.9152162213557116,1,1
419,0.10098249851906282,0.8990175014809373,1,1
420,0.916536586139622,0.08346341386037817,0,0
421,0.1382805782893989,0.861719421710601,1,1
422,0.4480290994070643,0.5519709005929356,1,1
423,0.22467572452584697,0.7753242754741531,1,1
424,0.8771263651627749,0.12287363483722508,0,0
425,0.06010158411086747,0.9398984158891326,1,1
426,0.8513267490490367,0.14867325095096334,0,0
427,0.8006158132329646,0.19938418676703534,0,0
428,0.8806699551783544,0.11933004482164558,0,0
429,0.07058785728155045,0.9294121427184496,1,1
430,0.11841720349635851,0.8815827965036415,1,1
431,0.05254222443335908,0.9474577755666409,1,1
432,0.8806757485581876,0.11932425144181233,0,0
433,0.061376947632529814,0.9386230523674701,1,1
434,0.520199460618843,0.47980053938115697,0,0
435,0.03937116139758777,0.9606288386024122,1,1
436,0.4363715872565108,0.5636284127434891,1,0
437,0.8131141755229135,0.1868858244770865,0,0
438,0.706738554495663,0.2932614455043369,0,0
439,0.4052180117380625,0.5947819882619375,1,0
440,0.909607472464551,0.09039252753544898,0,0
441,0.11227061764064904,0.8877293823593508,1,1
442,0.09281816730275592,0.9071818326972441,1,1
443,0.9116502551046602,0.08834974489533971,0,0
444,0.20523519352119385,0.7947648064788062,1,0
445,0.9150705440766713,0.0849294559233288,0,0
446,0.7268646331762948,0.2731353668237052,0,0
447,0.6311348412174479,0.3688651587825521,0,0
448,0.610169545713706,0.38983045428629415,0,1
449,0.945403869312991,0.054596130687008866,0,0
450,0.8086286804469539,0.1913713195530461,0,0
451,0.06473506042969503,0.9352649395703049,1,1
452,0.771740314958234,0.22825968504176603,0,0
453,0.15179593850264567,0.8482040614973544,1,1
454,0.9217411915921346,0.07825880840786528,0,0
455,0.06387893255177272,0.9361210674482272,1,1
456,0.06418454311992561,0.9358154568800744,1,1
457,0.1939921513095638,0.8060078486904363,1,1
458,0.2970408827589598,0.7029591172410402,1,0
459,0.5912825355762575,0.4087174644237425,0,1
460,0.10408029956610722,0.8959197004338928,1,1
461,0.9238236569311111,0.0761763430688888,0,0
462,0.8425412409116605,0.15745875908833953,0,0
463,0.05800582715383954,0.9419941728461605,1,1
464,0.7340576439829453,0.26594235601705474,0,0
465,0.2764374757317759,0.7235625242682241,1,0
466,0.10608879674424695,0.8939112032557531,1,1
467,0.0848734506450015,0.9151265493549985,1,1
468,0.903517523251936,0.09648247674806396,0,0
469,0.8988528943544668,0.10114710564553317,0,0
470,0.04861733277782566,0.9513826672221743,1,1
471,0.7308863748063226,0.2691136251936775,0,0
472,0.07752384900298884,0.9224761509970111,1,1
473,0.846564324843977,0.153435675156023,0,0
474,0.3583999133752646,0.6416000866247354,1,1
475,0.08817032005425714,0.9118296799457429,1,1
476,0.05998718815159573,0.9400128118484042,1,1
477,0.09380688477298196,0.9061931152270181,1,1
478,0.2467216430068232,0.7532783569931768,1,1
479,0.1917105112528029,0.8082894887471972,1,0
480,0.1448801014635366,0.8551198985364633,1,1
481,0.12744455030300433,0.8725554496969956,1,1
482,0.8623967805489375,0.1376032194510625,0,0
483,0.9094007628467925,0.0905992371532074,0,0
484,0.0964165917642623,0.9035834082357377,1,1
485,0.4212500412733598,0.5787499587266403,1,0
486,0.22982010076164194,0.7701798992383581,1,1
487,0.6874319916631906,0.3125680083368095,0,0
488,0.40110934896698996,0.5988906510330101,1,1
489,0.9434974480302829,0.056502551969716965,0,0
490,0.08393662568541423,0.9160633743145858,1,1
491,0.3200706836298688,0.6799293163701313,1,0
492,0.9466744407231722,0.053325559276827854,0,0
493,0.06332200276859774,0.9366779972314023,1,1
494,0.23197924151201607,0.7680207584879839,1,1
495,0.07759590948969534,0.9224040905103047,1,1
496,0.3041942575400404,0.6958057424599596,1,0
497,0.9060473469536795,0.09395265304632036,0,0
498,0.06718000445411247,0.9328199955458876,1,1
499,0.8168382257357825,0.18316177426421754,0,0
500,0.9379129464607548,0.06208705353924509,0,0
501,0.20682906083349623,0.7931709391665038,1,0
502,0.831979866638295,0.168020133361705,0,0
503,0.9314590729389892,0.06854092706101084,0,0
504,0.9356958028529747,0.06430419714702519,0,0
505,0.050351186940008466,0.9496488130599916,1,1
506,0.09996210333098378,0.9000378966690162,1,1
507,0.2564549791636089,0.7435450208363912,1,1
508,0.8602183723505514,0.1397816276494485,0,0
509,0.08719370205807189,0.9128062979419282,1,1
510,0.6638333163969821,0.336166683603018,0,1
511,0.361649652807883,0.638350347192117,1,0
512,0.9293454218430461,0.07065457815695379,0,0
513,0.8703993908994293,0.12960060910057078,0,0
514,0.8227851376339831,0.17721486236601686,0,0
515,0.5078629838554889,0.4921370161445111,0,0
516,0.04406955020688505,0.9559304497931149,1,1
517,0.10335336830317508,0.8966466316968249,1,1
518,0.9093717761675677,0.09062822383243221,0,0
519,0.5660414207040713,0.43395857929592874,0,0
520,0.940005228931909,0.05999477106809108,0,0
521,0.31131208393724263,0.6886879160627574,1,0
522,0.10869420483777498,0.891305795162225,1,1
523,0.8768784016719453,0.1231215983280548,0,0
524,0.06310023714173475,0.9368997628582653,1,1
525,0.9165696948467338,0.08343030515326615,0,0
526,0.944234737778803,0.05576526222119705,0,0
527,0.1667569285480938,0.8332430714519061,1,1
528,0.5342831799763409,0.4657168200236591,0,1
529,0.11336054768562434,0.8866394523143757,1,1
530,0.9320516524775367,0.06794834752246338,0,0
531,0.0663776871006652,0.9336223128993348,1,1
532,0.8368918097864979,0.16310819021350204,0,0
533,0.30090842743583496,0.6990915725641651,1,1
534,0.2296387662484106,0.7703612337515894,1,1
535,0.8301797933451935,0.16982020665480646,0,0
536,0.7842367711241705,0.2157632288758296,0,1
537,0.06325228632735076,0.9367477136726492,1,1
538,0.9251967559075565,0.07480324409244347,0,0
539,0.044233245527061364,0.9557667544729386,1,1
540,0.9102738096680322,0.08972619033196785,0,0
541,0.5953578581118085,0.4046421418881914,0,0
542,0.9472474081692381,0.052752591830761926,0,0
543,0.7927800442246324,0.20721995577536767,0,0
544,0.9406755071462601,0.05932449285373989,0,0
545,0.17152766584096998,0.8284723341590301,1,0
546,0.7441804789475863,0.25581952105241357,0,1
547,0.9409341903011759,0.05906580969882407,0,0
548,0.3085572072036765,0.6914427927963235,1,0
549,0.7353276100190453,0.26467238998095466,0,1
550,0.1142667598240947,0.8857332401759054,1,1
551,0.05616419322828678,0.9438358067717133,1,1
552,0.7409639427614377,0.2590360572385622,0,0
553,0.2459094446754451,0.7540905553245548,1,1
554,0.06864880211714769,0.9313511978828523,1,1
555,0.05551245620645556,0.9444875437935444,1,1
556,0.13200305844910235,0.8679969415508977,1,1
557,0.9488215714629447,0.05117842853705531,0,1
558,0.6484186472477111,0.3515813527522889,0,0
559,0.9089583399849901,0.09104166001500978,0,0
560,0.23047251769970228,0.7695274823002978,1,0
561,0.8751289248971565,0.1248710751028434,0,0
562,0.8916132719658755,0.10838672803412457,0,0
563,0.7770414308744835,0.22295856912551654,0,1
564,0.8585042076203463,0.14149579237965376,0,0
565,0.14640031387659627,0.8535996861234036,1,1
566,0.703669376154036,0.296330623845964,0,0
567,0.614939277955452,0.38506072204454805,0,0
568,0.09259162659131444,0.9074083734086855,1,1
569,0.13784709021369124,0.8621529097863088,1,1
570,0.8920513974924004,0.10794860250759965,0,0
571,0.062423007586689644,0.9375769924133104,1,1
572,0.26752480130112394,0.732475198698876,1,1
573,0.09136546123884412,0.9086345387611559,1,1
574,0.138601274945373,0.861398725054627,1,1
575,0.7654027383616349,0.23459726163836514,0,1
576,0.21873627450094574,0.7812637254990542,1,1
577,0.3993632013107659,0.600636798689234,1,1
578,0.90537594801275,0.09462405198724985,0,0
579,0.06315109411129798,0.936848905888702,1,1
580,0.3652983347319609,0.6347016652680391,1,1
581,0.9026238418235594,0.09737615817644064,0,0
582,0.6459415388622546,0.3540584611377453,0,1
583,0.8516147945330583,0.14838520546694162,0,1
584,0.04681606217242807,0.9531839378275719,1,1
585,0.9383029809578677,0.0616970190421322,0,0
586,0.5667713879237883,0.43322861207621166,0,0
587,0.2569563719717115,0.7430436280282885,1,1
588,0.07573169755896327,0.9242683024410366,1,1
589,0.9297235562372761,0.07027644376272385,0,0
590,0.8416683598164794,0.15833164018352064,0,0
591,0.058572336294875633,0.9414276637051244,1,1
592,0.5399786069638245,0.4600213930361755,0,0
593,0.445299985401227,0.554700014598773,1,0
594,0.054159867262871475,0.9458401327371285,1,1
595,0.9411265645760246,0.05887343542397549,0,0
596,0.06119012772235158,0.9388098722776486,1,1
597,0.07433526118060566,0.9256647388193944,1,1
598,0.16381043811398957,0.8361895618860103,1,1
599,0.9504495699917104,0.04955043000828968,0,0
600,0.8667675952407344,0.13323240475926562,0,1
601,0.891123804111896,0.10887619588810409,0,0
602,0.8125371113666932,0.18746288863330676,0,0
603,0.9195490311428917,0.08045096885710838,0,0
604,0.5314729856127357,0.46852701438726424,0,0
605,0.7621021043521169,0.2378978956478832,0,0
606,0.27813752983709894,0.7218624701629011,1,1
607,0.23087087296334194,0.7691291270366581,1,1
608,0.8454290068744256,0.15457099312557446,0,1
609,0.09870206363428127,0.9012979363657188,1,0
610,0.10286998246595759,0.8971300175340423,1,1
611,0.21224458945105776,0.7877554105489422,1,1
612,0.08263414064722437,0.9173658593527756,1,1
613,0.9453362767977804,0.05466372320221967,0,0
614,0.9061079830126987,0.09389201698730142,0,0
615,0.8963388976621588,0.10366110233784125,0,0
616,0.223348242212095,0.776651757787905,1,1
617,0.06954727135877034,0.9304527286412297,1,1
618,0.0517278285243985,0.9482721714756015,1,1
619,0.054065061392631605,0.9459349386073683,1,1
620,0.9121949710917128,0.08780502890828727,0,0
621,0.9312056711307108,0.06879432886928911,0,0
622,0.08471778389246457,0.9152822161075354,1,0
623,0.2870077848215929,0.7129922151784072,1,0
624,0.8836873590641892,0.1163126409358108,0,0
625,0.0402573364935876,0.9597426635064124,1,1
626,0.16611674457432468,0.8338832554256753,1,1
627,0.8386861532996894,0.16131384670031057,0,1
628,0.9305143208667751,0.06948567913322497,0,0
629,0.0606167707361501,0.9393832292638499,1,1
630,0.3320144053549801,0.6679855946450199,1,0
631,0.8995822393974257,0.10041776060257439,0,0
632,0.1701799330967811,0.8298200669032189,1,1
633,0.8969880587479336,0.10301194125206632,0,0
634,0.6024641964256302,0.39753580357436974,0,0
635,0.8766701114528049,0.12332988854719515,0,1
636,0.77982515374673,0.22017484625327008,0,1
637,0.06309748658586764,0.9369025134141323,1,1
638,0.9353552813852363,0.06464471861476374,0,0
639,0.8527784437095551,0.14722155629044492,0,0
640,0.1002788285240283,0.8997211714759717,1,0
641,0.08254421745898056,0.9174557825410194,1,1
642,0.9168043589350193,0.08319564106498065,0,0
643,0.8807944155513742,0.11920558444862596,0,0
644,0.08816866265240499,0.9118313373475949,1,1
645,0.6971146547985033,0.3028853452014967,0,1
646,0.9480030965401273,0.051996903459872734,0,0
647,0.6622427859912021,0.33775721400879793,0,0
648,0.9287610158097223,0.0712389841902777,0,0
649,0.11776355209917191,0.8822364479008282,1,1
650,0.0453014239207469,0.9546985760792531,1,1
651,0.8855805322239761,0.1144194677760239,0,0
652,0.0728359022985933,0.9271640977014066,1,1
653,0.905621405862799,0.09437859413720101,0,0
654,0.7488325977251679,0.25116740227483203,0,0
655,0.47739767601541083,0.5226023239845892,1,0
656,0.13812864255658022,0.8618713574434197,1,1
657,0.049114730686836985,0.9508852693131631,1,1
658,0.8526064948412471,0.14739350515875294,0,0
659,0.14200125916854614,0.8579987408314538,1,1
660,0.39842897710675323,0.6015710228932468,1,0
661,0.06318293475532681,0.9368170652446731,1,1
662,0.8805017688688914,0.11949823113110855,0,1
663,0.9394899794368777,0.060510020563122255,0,0
664,0.83344708429205,0.1665529157079499,0,1
665,0.05400357656286008,0.94599642343714,1,1
666,0.08625013967500972,0.9137498603249903,1,0
667,0.9475757713738076,0.052424228626192504,0,0
668,0.07721733091974765,0.9227826690802524,1,1
669,0.7475743948440325,0.2524256051559675,0,0
670,0.08218749915786787,0.9178125008421322,1,0
671,0.9261717721800539,0.0738282278199461,0,1
672,0.1347829262528071,0.8652170737471929,1,0
673,0.12765557284711843,0.8723444271528816,1,1
674,0.9052962298270812,0.09470377017291881,0,0
675,0.5304997463816432,0.46950025361835684,0,0
676,0.05826814594222904,0.941731854057771,1,1
677,0.7491149864307606,0.2508850135692394,0,1
678,0.056000115637378854,0.9439998843626213,1,1
679,0.11346359196917223,0.8865364080308278,1,1
680,0.05194170345525686,0.9480582965447432,1,1
681,0.9473146366764882,0.05268536332351183,0,0
682,0.08419183865128846,0.9158081613487116,1,1
683,0.9458156702914605,0.054184329708539494,0,0
684,0.22353398992294976,0.7764660100770503,1,1
685,0.08769252857752406,0.912307471422476,1,1
686,0.6382533962751519,0.3617466037248482,0,0
687,0.1804160171844526,0.8195839828155473,1,1
688,0.8835837295505433,0.11641627044945664,0,0
689,0.9433556643603722,0.056644335639627785,0,0
690,0.14448841462994796,0.855511585370052,1,1
691,0.7707107465648892,0.22928925343511067,0,0
692,0.059075142659305455,0.9409248573406946,1,1
693,0.07007005741237025,0.9299299425876297,1,1
694,0.03401950697349176,0.9659804930265082,1,1
695,0.7145347850068406,0.2854652149931594,0,1
696,0.9307893511705284,0.0692106488294715,0,0
697,0.045422593183523194,0.9545774068164767,1,1
698,0.0788690015061315,0.9211309984938686,1,1
699,0.13299826443314905,0.8670017355668509,1,1
700,0.12743424884976556,0.8725657511502344,1,1
701,0.18618495746014221,0.8138150425398578,1,1
702,0.8530496208857204,0.14695037911427958,0,0
703,0.09786302549373035,0.9021369745062697,1,1
704,0.7941405605235281,0.20585943947647198,0,0
705,0.144071923308856,0.855928076691144,1,1
706,0.23801187480459096,0.761988125195409,1,0
707,0.07200578866873002,0.9279942113312699,1,1
708,0.9532213573375138,0.04677864266248612,0,0
709,0.6265188463763764,0.3734811536236236,0,0
710,0.1949410054736947,0.8050589945263052,1,0
711,0.10199390442136717,0.8980060955786329,1,1
712,0.8691518917906379,0.13084810820936207,0,0
713,0.8768534771453861,0.12314652285461399,0,0
714,0.6678407014652725,0.3321592985347275,0,1
715,0.2105166073819035,0.7894833926180964,1,0
716,0.046325466005797,0.953674533994203,1,1
717,0.6041916271523595,0.3958083728476404,0,1
718,0.9306255242128133,0.06937447578718663,0,0
719,0.07243526432547127,0.9275647356745288,1,1
720,0.9421198965065123,0.05788010349348787,0,0
721,0.21595606858742258,0.7840439314125774,1,1
722,0.9106566789074102,0.08934332109258986,0,0
723,0.05321611852769493,0.9467838814723051,1,1
724,0.9386495887101634,0.061350411289836614,0,0
725,0.7044437168356766,0.29555628316432336,0,0
726,0.05334070083443655,0.9466592991655635,1,0
727,0.0951824691508743,0.9048175308491258,1,1
728,0.9134068573992888,0.08659314260071109,0,0
729,0.8491894616949538,0.1508105383050462,0,0
730,0.8364798895610831,0.1635201104389169,0,0
731,0.10541461674031742,0.8945853832596825,1,1
732,0.09944553898012183,0.9005544610198782,1,1
733,0.06969455978559415,0.9303054402144059,1,1
734,0.11497390833231802,0.885026091667682,1,1
735,0.8923541046583382,0.10764589534166194,0,0
736,0.44680923894036134,0.5531907610596387,1,1
737,0.1457479289678476,0.8542520710321523,1,1
738,0.18153171569831605,0.8184682843016841,1,1
739,0.8530317854386209,0.1469682145613792,0,0
740,0.05454256822985067,0.9454574317701493,1,1
741,0.5663661258588979,0.43363387414110205,0,0
742,0.7637375031135422,0.23626249688645776,0,0
743,0.11978856447592807,0.8802114355240719,1,1
744,0.9159651109160641,0.08403488908393579,0,0
745,0.04712453117864859,0.9528754688213513,1,1
746,0.7498199620328413,0.25018003796715876,0,0
747,0.6698646292270899,0.33013537077291005,0,1
748,0.8538834845057446,0.14611651549425547,0,0
749,0.8642466037037897,0.1357533962962102,0,0
750,0.7692149842072423,0.23078501579275779,0,0
751,0.08515908596914984,0.9148409140308501,1,1
752,0.37812934073323656,0.6218706592667634,1,0
753,0.0775384122424027,0.9224615877575973,1,1
754,0.05636715034858626,0.9436328496514138,1,1
755,0.6955500414932604,0.30444995850673956,0,0
756,0.0695240704683638,0.9304759295316362,1,1
757,0.31555524080567826,0.6844447591943217,1,1
758,0.07628409335096144,0.9237159066490387,1,1
759,0.07533780873542748,0.9246621912645725,1,1
760,0.10080897579581616,0.8991910242041837,1,1
761,0.9056476480074406,0.09435235199255941,0,0
762,0.11464641884271796,0.8853535811572819,1,1
763,0.07528442613337558,0.9247155738666244,1,1
764,0.04518635930797974,0.9548136406920203,1,1
765,0.09839707747907593,0.9016029225209241,1,1
766,0.9039982641951751,0.09600173580482477,0,0
767,0.04826283118695528,0.9517371688130446,1,1
768,0.9238929192231603,0.07610708077683967,0,0
769,0.10964392197095205,0.890356078029048,1,1
770,0.7756839853915866,0.22431601460841347,0,0
771,0.39373277050246,0.60626722949754,1,0
772,0.8411802965951135,0.1588197034048866,0,0
773,0.1478706051635178,0.8521293948364822,1,1
774,0.19426168672257896,0.805738313277421,1,1
775,0.5970913827587156,0.4029086172412843,0,0
776,0.5020133387629838,0.4979866612370161,0,1
777,0.4441548267288256,0.5558451732711744,1,1
778,0.03713004946303941,0.9628699505369606,1,1
779,0.9333736905766816,0.06662630942331839,0,0
780,0.08944520501896523,0.9105547949810348,1,1
781,0.1002819552347389,0.8997180447652611,1,1
782,0.046934839135437674,0.9530651608645623,1,1
783,0.8603281931387609,0.13967180686123917,0,0
784,0.08133505360802795,0.9186649463919719,1,1
785,0.8578228571606613,0.14217714283933874,0,0
786,0.8107662755847748,0.18923372441522518,0,0
787,0.09619306070430927,0.9038069392956908,1,1
788,0.08454118022101459,0.9154588197789855,1,1
789,0.913027158946325,0.086972841053675,0,0
790,0.9197554223674148,0.08024457763258523,0,0
791,0.934634626148657,0.06536537385134308,0,0
792,0.09446022699801232,0.9055397730019877,1,1
793,0.910751526256819,0.08924847374318093,0,1
794,0.8429243491111913,0.1570756508888087,0,0
795,0.9168126841872425,0.08318731581275744,0,0
796,0.9006928620836354,0.09930713791636468,0,0
797,0.2914360305501127,0.7085639694498873,1,0
798,0.0838168874494203,0.9161831125505797,1,1
799,0.9474762336769507,0.05252376632304939,0,0
800,0.8975448495635002,0.10245515043649976,0,0
801,0.935703134036956,0.0642968659630439,0,0
802,0.9279599471699146,0.07204005283008541,0,0
803,0.08611244413520844,0.9138875558647916,1,1
804,0.4941592917131534,0.5058407082868466,1,1
805,0.9078773198164454,0.09212268018355457,0,0
806,0.3542749711590377,0.6457250288409623,1,1
807,0.10962487942295916,0.8903751205770408,1,1
808,0.09029633337724667,0.9097036666227534,1,1
809,0.9326349885662093,0.06736501143379064,0,0
810,0.16504697964264997,0.83495302035735,1,0
811,0.9127884835672652,0.08721151643273482,0,1
812,0.8011114721192174,0.19888852788078254,0,0
813,0.06645997733484986,0.9335400226651501,1,1
814,0.9418880477937301,0.05811195220626993,0,0
815,0.9201865386939561,0.07981346130604403,0,0
816,0.9373249531897849,0.06267504681021509,0,0
817,0.4158811874336359,0.5841188125663642,1,0
818,0.9040796695865756,0.09592033041342439,0,0
819,0.5476931070392514,0.4523068929607486,0,0
820,0.06206291384705229,0.9379370861529477,1,1
821,0.6238935435916528,0.3761064564083472,0,0
822,0.14469835303722994,0.8553016469627701,1,1
823,0.9049900005958662,0.0950099994041337,0,0
824,0.9216513242936072,0.07834867570639278,0,1
825,0.09862438956420219,0.9013756104357978,1,1
826,0.8347879938505576,0.16521200614944237,0,0
827,0.10187275546020214,0.8981272445397979,1,1
828,0.0687242200468837,0.9312757799531164,1,1
829,0.07281498309902104,0.9271850169009789,1,1
830,0.8108241022522565,0.18917589774774335,0,0
831,0.08171757843107821,0.9182824215689218,1,1
832,0.11259844324866738,0.8874015567513327,1,1
833,0.05603130658872316,0.9439686934112769,1,1
834,0.5265617728109244,0.4734382271890756,0,0
835,0.07203400447378265,0.9279659955262174,1,1
836,0.3393264813957464,0.6606735186042535,1,1
837,0.700695528166968,0.29930447183303205,0,0
838,0.05300646981030139,0.9469935301896986,1,1
839,0.6275340147763245,0.37246598522367547,0,0
840,0.03646909889875592,0.9635309011012442,1,1
841,0.9173666757705345,0.08263332422946543,0,0
842,0.5168322034064348,0.4831677965935652,0,1
843,0.8805894683572889,0.11941053164271102,0,0
844,0.16933034964801771,0.8306696503519823,1,1
845,0.0708661364218725,0.9291338635781276,1,1
846,0.7842742289234484,0.21572577107655164,0,0
847,0.9370052136170093,0.06299478638299076,0,0
848,0.9396013719957927,0.060398628004207235,0,0
849,0.1838082760422423,0.8161917239577577,1,1
850,0.3742795825998792,0.6257204174001209,1,0
851,0.37398620432479807,0.6260137956752019,1,0
852,0.08147567834059369,0.9185243216594062,1,1
853,0.07626590043428386,0.9237340995657161,1,1
854,0.19533608692300486,0.8046639130769951,1,0
855,0.943799459550005,0.05620054044999493,0,0
856,0.8820694474415341,0.1179305525584658,0,0
857,0.11740702326585048,0.8825929767341495,1,1
858,0.9214203172743684,0.07857968272563162,0,0
859,0.05070787775619166,0.9492921222438083,1,1
860,0.06791273588279718,0.9320872641172028,1,1
861,0.05807034676580203,0.9419296532341979,1,1
862,0.11119420454912522,0.8888057954508748,1,0
863,0.9455124350299109,0.05448756497008915,0,0
864,0.06539486639537256,0.9346051336046274,1,1
865,0.09310217980658608,0.9068978201934139,1,1
866,0.6420198362339059,0.3579801637660941,0,0
867,0.1294331553781369,0.8705668446218631,1,0
868,0.7011649464246437,0.2988350535753564,0,1
869,0.1516886447569252,0.8483113552430749,1,0
870,0.771094329595331,0.228905670404669,0,0
871,0.06358791397508429,0.9364120860249157,1,1
872,0.9139539716138704,0.08604602838612962,0,0
873,0.06975284067807844,0.9302471593219216,1,1
874,0.3700963139504926,0.6299036860495074,1,0
875,0.9234105788280087,0.07658942117199134,0,0
876,0.053299163711638155,0.9467008362883618,1,1
877,0.8011503782643297,0.19884962173567042,0,0
878,0.9368944426287414,0.0631055573712585,0,0
879,0.9479507026218373,0.05204929737816268,0,0
880,0.2442354000834936,0.7557645999165065,1,0
881,0.9361498346147825,0.06385016538521757,0,0
882,0.9197847288093088,0.08021527119069123,0,0
883,0.7607096127154881,0.23929038728451188,0,0
884,0.4007493758768456,0.5992506241231543,1,1
885,0.0511320531133069,0.9488679468866931,1,1
886,0.9276612002778574,0.07233879972214251,0,0
887,0.06811250581107421,0.9318874941889257,1,1
888,0.6295812012223377,0.3704187987776622,0,0
889,0.08717689976457238,0.9128231002354277,1,1
890,0.3618905702048642,0.6381094297951359,1,0
891,0.10590224035230453,0.8940977596476954,1,0
892,0.900120816328034,0.09987918367196592,0,0
893,0.06610251120997279,0.9338974887900273,1,0
894,0.377491040739506,0.622508959260494,1,0
895,0.8970172828259204,0.10298271717407953,0,0
896,0.9323602880611344,0.06763971193886556,0,0
897,0.11546370278585216,0.8845362972141478,1,1
898,0.8311714590141941,0.16882854098580588,0,0
899,0.9025210120482033,0.09747898795179667,0,0
900,0.7899918048376211,0.21000819516237887,0,0
901,0.08614706129560348,0.9138529387043965,1,1
902,0.06454295852742589,0.935457041472574,1,1
903,0.9475795135076336,0.05242048649236648,0,0
904,0.05667195352044324,0.9433280464795567,1,1
905,0.11032086406747309,0.889679135932527,1,1
906,0.10028833987528021,0.8997116601247198,1,1
907,0.3432870804683204,0.6567129195316797,1,1
908,0.057465487552280495,0.9425345124477196,1,1
909,0.9369295826647079,0.06307041733529198,0,0
910,0.9179125666137825,0.08208743338621752,0,1
911,0.911448021339166,0.08855197866083396,0,0
912,0.33157049990009946,0.6684295000999005,1,0
913,0.10446493851714014,0.8955350614828599,1,1
914,0.8363543012045712,0.16364569879542876,0,1
915,0.9275479576189638,0.07245204238103616,0,0
916,0.08258027165852894,0.917419728341471,1,0
917,0.49143301333738587,0.5085669866626141,1,0
918,0.8497621685747636,0.1502378314252365,0,0
919,0.5544389716964868,0.4455610283035132,0,1
920,0.08307144913968065,0.9169285508603194,1,1
921,0.04598031067731017,0.9540196893226899,1,1
922,0.8885465199347806,0.11145348006521934,0,0
923,0.06480835825377734,0.9351916417462226,1,1
924,0.07743555515867843,0.9225644448413216,1,1
925,0.9266431148371642,0.07335688516283594,0,0
926,0.3726629471664431,0.6273370528335569,1,0
927,0.9294229144117371,0.07057708558826295,0,0
928,0.7981785547070281,0.20182144529297188,0,0
929,0.9261270796550556,0.07387292034494451,0,0
930,0.15405115871523517,0.8459488412847649,1,0
931,0.9172953380322733,0.08270466196772668,0,0
932,0.05582093959582519,0.9441790604041748,1,1
933,0.562726348062505,0.437273651937495,0,1
934,0.5846055912638276,0.41539440873617234,0,0
935,0.04235218306121458,0.9576478169387853,1,1
936,0.9067827395226965,0.09321726047730351,0,0
937,0.94557922989661,0.05442077010338995,0,0
938,0.07906937044905298,0.9209306295509471,1,1
939,0.9441494879295977,0.055850512070402404,0,0
940,0.12243036568684404,0.877569634313156,1,1
941,0.6889601413022242,0.3110398586977759,0,1
942,0.08386747032765915,0.9161325296723408,1,1
943,0.06156581662126427,0.9384341833787359,1,1
944,0.24568656111415837,0.7543134388858417,1,1
945,0.06412126752609675,0.9358787324739032,1,1
946,0.1413287818807557,0.8586712181192443,1,1
947,0.6111248715413408,0.3888751284586592,0,1
948,0.3787029443229833,0.6212970556770167,1,1
949,0.05272670356536046,0.9472732964346394,1,1
950,0.7390946305475874,0.2609053694524126,0,0
951,0.10843430396830944,0.8915656960316904,1,1
952,0.1574293685004152,0.8425706314995849,1,0
953,0.7902506791503103,0.20974932084968967,0,1
954,0.9066102723663277,0.09338972763367234,0,0
955,0.9002322141150977,0.09976778588490225,0,0
956,0.16930880617075128,0.8306911938292487,1,0
957,0.07175283102962063,0.9282471689703794,1,1
958,0.13134516774370303,0.8686548322562969,1,1
959,0.5589405580322364,0.4410594419677637,0,1
960,0.4647856799213306,0.5352143200786694,1,1
961,0.28163057686504056,0.7183694231349594,1,0
962,0.06813216377816249,0.9318678362218376,1,1
963,0.41500979467039956,0.5849902053296003,1,0
964,0.5390426524255562,0.46095734757444373,0,0
965,0.0857410003094945,0.9142589996905055,1,1
966,0.6322752603449052,0.3677247396550948,0,0
967,0.7521749752008665,0.2478250247991335,0,0
968,0.5972547912245014,0.40274520877549863,0,1
969,0.091048192952104,0.908951807047896,1,1
970,0.21474836940705677,0.7852516305929431,1,1
971,0.8183875994259887,0.18161240057401123,0,0
972,0.8282106645218354,0.17178933547816463,0,1
973,0.2551648834633545,0.7448351165366455,1,0
974,0.07949141289423166,0.9205085871057682,1,1
975,0.8724260564451431,0.12757394355485674,0,0
976,0.939009263814752,0.060990736185248036,0,0
977,0.0732426775933481,0.9267573224066519,1,0
978,0.6550710558378912,0.3449289441621088,0,0
979,0.1511261850536554,0.8488738149463445,1,1
980,0.18230561532406522,0.8176943846759348,1,0
981,0.08448587444148414,0.9155141255585159,1,1
982,0.9306024497980694,0.06939755020193057,0,0
983,0.6073708811364825,0.3926291188635175,0,0
984,0.06091252075109678,0.9390874792489032,1,1
985,0.9402390003539481,0.059760999646052006,0,0
986,0.6538598473695453,0.3461401526304547,0,1
987,0.14821768212328942,0.8517823178767105,1,1
988,0.3090997494663773,0.6909002505336227,1,1
989,0.1984508751775902,0.8015491248224097,1,1
990,0.05887722108817631,0.9411227789118237,1,1
991,0.30737475871725417,0.6926252412827458,1,1
992,0.8967487281753571,0.10325127182464278,0,0
993,0.6115960830364483,0.38840391696355175,0,1
994,0.45371585898295136,0.5462841410170486,1,0
995,0.03980025145514957,0.9601997485448505,1,1
996,0.14451322104836484,0.855486778951635,1,1
997,0.7305016926062181,0.2694983073937819,0,0
998,0.2743170937111888,0.7256829062888113,1,1
999,0.8853644914895672,0.11463550851043278,0,0
1000,0.06310244449706794,0.9368975555029322,1,1
1001,0.053784784019147665,0.9462152159808523,1,1
1002,0.11743870757700932,0.8825612924229906,1,1
1003,0.05327998179154391,0.9467200182084561,1,1
1004,0.05457607722719553,0.9454239227728044,1,1
1005,0.9221615688513605,0.07783843114863952,0,0
1006,0.9086189830143124,0.09138101698568755,0,0
1007,0.051349367949418245,0.9486506320505818,1,1
1008,0.94462843622242,0.05537156377757994,0,0
1009,0.9290280703772172,0.0709719296227828,0,0
1010,0.9300204006157419,0.06997959938425805,0,0
1011,0.748524974944662,0.2514750250553379,0,0
1012,0.2887128814746938,0.7112871185253062,1,1
1013,0.3348661341329763,0.6651338658670238,1,1
1014,0.1139491751688693,0.8860508248311306,1,1
1015,0.927980445855436,0.07201955414456394,0,0
1016,0.08013531583132281,0.9198646841686771,1,0
1017,0.06505116854998218,0.9349488314500178,1,1
1018,0.9327567295074841,0.06724327049251584,0,0
1019,0.1897123144706001,0.8102876855294,1,1
1020,0.08705784141099182,0.9129421585890082,1,1
1021,0.06687388084882552,0.9331261191511745,1,1
1022,0.9466225826801484,0.05337741731985165,0,0
1023,0.04736631820726364,0.9526336817927363,1,1
1024,0.09196711296124942,0.9080328870387505,1,0
1025,0.08521653460682777,0.9147834653931722,1,0
1026,0.9499556937619802,0.050044306238019774,0,0
1027,0.5815951707351877,0.41840482926481226,0,1
1028,0.8303927413318232,0.16960725866817686,0,0
1029,0.4182719313058296,0.5817280686941705,1,0
1030,0.3814764983597608,0.6185235016402392,1,0
1031,0.918278294817359,0.08172170518264103,0,0
1032,0.9165556605833542,0.08344433941664584,0,0
1033,0.933079738396397,0.06692026160360293,0,0
1034,0.06384860490912893,0.9361513950908711,1,1
1035,0.6169211861225957,0.3830788138774043,0,1
1036,0.7866592101858845,0.21334078981411553,0,0
1037,0.06822166125332468,0.9317783387466754,1,1
1038,0.8369028399825175,0.16309716001748248,0,1
1039,0.05013006838076956,0.9498699316192304,1,1
1040,0.6644106182684679,0.335589381731532,0,0
1041,0.8001074813108868,0.19989251868911312,0,0
1042,0.9470971992107922,0.05290280078920786,0,0
1043,0.7928703133026472,0.20712968669735288,0,0
1044,0.07663393333535926,0.9233660666646407,1,1
1045,0.8785432947154219,0.1214567052845782,0,0
1046,0.08220826571767148,0.9177917342823285,1,1
1047,0.04484327149151433,0.9551567285084857,1,1
1048,0.05899789755931143,0.9410021024406886,1,1
1049,0.6960618257698538,0.30393817423014624,0,0
1050,0.1526554838488927,0.8473445161511072,1,1
1051,0.4077426420344028,0.5922573579655971,1,1
1052,0.9519153210829779,0.04808467891702206,0,0
1053,0.09777956729168136,0.9022204327083186,1,0
1054,0.06017108071523113,0.939828919284769,1,1
1055,0.8466182699013456,0.15338173009865444,0,1
1056,0.9331675865624862,0.06683241343751374,0,0
1057,0.9073343474678779,0.09266565253212222,0,0
1058,0.04816981152527786,0.9518301884747222,1,1
1059,0.06294447046848489,0.9370555295315152,1,0
1060,0.46496118218628624,0.5350388178137138,1,1
1061,0.876798683101373,0.12320131689862701,0,0
1062,0.05205997515339437,0.9479400248466057,1,1
1063,0.5177655711647839,0.48223442883521606,0,1
1064,0.3054360216329508,0.6945639783670492,1,0
1065,0.43852746026553974,0.5614725397344602,1,1
1066,0.0931875666080461,0.9068124333919538,1,1
1067,0.3671324153897148,0.6328675846102851,1,1
1068,0.15737098644155068,0.8426290135584494,1,0
1069,0.8885042649863593,0.11149573501364085,0,0
1070,0.3613181627900656,0.6386818372099343,1,0
1071,0.949933508378259,0.050066491621740955,0,0
1072,0.07733882186561711,0.9226611781343829,1,1
1073,0.20792225953400775,0.7920777404659921,1,0
1074,0.33441717226470385,0.6655828277352961,1,1
1075,0.06924616565333072,0.9307538343466693,1,1
1076,0.926227712326719,0.07377228767328117,0,0
1077,0.5943257381778795,0.4056742618221205,0,0
1078,0.10206070470692886,0.897939295293071,1,0
1079,0.9193634235075245,0.0806365764924754,0,0
1080,0.7140694109046124,0.28593058909538754,0,0
1081,0.39587039376464456,0.6041296062353554,1,0
1082,0.9255797696376652,0.07442023036233482,0,0
1083,0.2607799407030119,0.7392200592969881,1,0
1084,0.08718105527332275,0.9128189447266772,1,1
1085,0.9490533462729991,0.05094665372700089,0,0
1086,0.9179116099204394,0.08208839007956066,0,0
1087,0.9107581851492319,0.08924181485076813,0,0
1088,0.7460208927396875,0.25397910726031253,0,0
1089,0.06484634597258304,0.9351536540274169,1,1
1090,0.10775344559168562,0.8922465544083145,1,1
1091,0.4195233644173119,0.5804766355826881,1,0
1092,0.08707450082833053,0.9129254991716694,1,0
1093,0.32685635971515203,0.673143640284848,1,0
1094,0.6218974693356337,0.37810253066436617,0,0
1095,0.16294855135671474,0.8370514486432853,1,1
1096,0.842101740506709,0.15789825949329095,0,0
1097,0.9371435816186331,0.06285641838136698,0,0
1098,0.1335146799842924,0.8664853200157075,1,1
1099,0.8304786965087588,0.16952130349124112,0,0
1100,0.5681433040958824,0.4318566959041176,0,1
1101,0.6306260291850194,0.3693739708149806,0,1
1102,0.9248421622487129,0.0751578377512872,0,0
1103,0.9184729364100452,0.08152706358995478,0,0
1104,0.131056833089061,0.8689431669109391,1,0
1105,0.13681903552487457,0.8631809644751254,1,1
1106,0.38833679961030826,0.6116632003896917,1,1
1107,0.2272747188542584,0.7727252811457416,1,0
1108,0.8698705415599082,0.13012945844009188,0,0
1109,0.10012747253592992,0.8998725274640702,1,1
1110,0.9403291324687161,0.05967086753128392,0,0
1111,0.397756286822008,0.602243713177992,1,0
1112,0.8105730715302972,0.1894269284697027,0,0
1113,0.6344675478108817,0.3655324521891183,0,1
1114,0.16791003037626945,0.8320899696237306,1,0
1115,0.8604493637408361,0.1395506362591639,0,0
1116,0.9178143954856149,0.08218560451438503,0,0
1117,0.1619957242512129,0.8380042757487871,1,1
1118,0.8597219588428521,0.14027804115714784,0,1
1119,0.7826423168265308,0.21735768317346915,0,0
1120,0.05019950749178291,0.9498004925082172,1,1
1121,0.06104511142772774,0.9389548885722723,1,1
1122,0.705321414495091,0.29467858550490905,0,0
1123,0.0531983817312818,0.9468016182687181,1,1
1124,0.6411072297212569,0.35889277027874317,0,0
1125,0.09133852028201768,0.9086614797179823,1,0
1126,0.07837661254482714,0.9216233874551729,1,1
1127,0.8111759007795101,0.18882409922048995,0,1
1128,0.09232118961635367,0.9076788103836464,1,1
1129,0.5856294357526366,0.4143705642473634,0,0
1130,0.3042581126226907,0.6957418873773092,1,1
1131,0.7722490442426703,0.22775095575732981,0,1
1132,0.9275052717991563,0.07249472820084371,0,0
1133,0.9391331497326862,0.06086685026731371,0,0
1134,0.18182014633152951,0.8181798536684705,1,1
1135,0.8930822218170006,0.10691777818299933,0,1
1136,0.05520001486066938,0.9447999851393306,1,1
1137,0.7691241041890767,0.23087589581092324,0,0
1138,0.443615370778959,0.5563846292210409,1,0
1139,0.9225722815188656,0.07742771848113451,0,0
1140,0.1569886564219181,0.8430113435780819,1,0
1141,0.7324049902491635,0.26759500975083655,0,0
1142,0.8582096707421943,0.14179032925780566,0,0
1143,0.0561700297768131,0.9438299702231868,1,1
1144,0.09684081839183464,0.9031591816081653,1,1
1145,0.8487538585019784,0.15124614149802168,0,0
1146,0.17685106456438032,0.8231489354356196,1,0
1147,0.08275922655579918,0.9172407734442009,1,1
1148,0.5972582922965062,0.4027417077034937,0,1
1149,0.3745717415857736,0.6254282584142263,1,0
1150,0.9503841780817562,0.04961582191824377,0,0
1151,0.8391119226185126,0.16088807738148733,0,0
1152,0.9370198854508844,0.06298011454911565,0,0
1153,0.9281757369989518,0.07182426300104816,0,1
1154,0.4993865001886043,0.5006134998113957,1,1
1155,0.7496186478878636,0.2503813521121364,0,0
1156,0.17745952723902636,0.8225404727609736,1,1
1157,0.41590768678412454,0.5840923132158755,1,1
1158,0.6655599486334293,0.3344400513665707,0,0
1159,0.1446779733361514,0.8553220266638486,1,0
1160,0.9100861188026665,0.08991388119733353,0,0
1161,0.9394895232225239,0.0605104767774761,0,0
1162,0.3501596802724664,0.6498403197275335,1,0
1163,0.3489630449512535,0.6510369550487465,1,1
1164,0.5658220355480893,0.43417796445191065,0,0
1165,0.8883036818191128,0.11169631818088709,0,0
1166,0.9428630649619788,0.05713693503802125,0,0
1167,0.9447814096247034,0.0552185903752966,0,0
1168,0.07824917816230875,0.9217508218376912,1,1
1169,0.7597979083982759,0.24020209160172418,0,1
1170,0.9197242581543773,0.08027574184562272,0,0
1171,0.2434396670008927,0.7565603329991073,1,0
1172,0.1447663127239927,0.8552336872760072,1,1
1173,0.9265152389000846,0.07348476109991542,0,0
1174,0.5331501961585376,0.46684980384146235,0,1
1175,0.07558479285792895,0.9244152071420711,1,1
1176,0.9050802715329332,0.09491972846706682,0,0
1177,0.30039726394933336,0.6996027360506667,1,0
1178,0.13298240125128158,0.8670175987487184,1,1
1179,0.8321594264959365,0.16784057350406342,0,0
1180,0.8707523061485573,0.12924769385144272,0,0
1181,0.10247344950206119,0.8975265504979388,1,0
1182,0.8123553496867306,0.18764465031326935,0,0
1183,0.8754144825474202,0.12458551745257977,0,0
1184,0.20224165228693786,0.7977583477130622,1,1
1185,0.06235900631341712,0.9376409936865828,1,1
1186,0.6233805671841616,0.37661943281583843,0,0
1187,0.09092907453354612,0.909070925466454,1,1
1188,0.0709462213262432,0.9290537786737567,1,1
1189,0.8609426814538077,0.13905731854619222,0,1
1190,0.08343907275204121,0.9165609272479587,1,1
1191,0.07295171944393566,0.9270482805560644,1,1
1192,0.781489868789492,0.218510131210508,0,1
1193,0.15339127715741388,0.846608722842586,1,1
1194,0.5991792411061162,0.4008207588938837,0,0
1195,0.732682456139113,0.26731754386088696,0,0
1196,0.9364779708117861,0.06352202918821395,0,0
1197,0.7684822022243186,0.23151779777568143,0,0
1198,0.8012655855952122,0.1987344144047878,0,0
1199,0.1544065905492259,0.8455934094507741,1,1
1200,0.42543563445854693,0.5745643655414531,1,1
1201,0.11617792990159376,0.8838220700984062,1,1
1202,0.3050342899504409,0.6949657100495591,1,1
1203,0.6555388343266588,0.3444611656733411,0,0
1204,0.4323030599346141,0.5676969400653858,1,1
1205,0.13758604963581186,0.862413950364188,1,1
1206,0.12626293284560217,0.8737370671543979,1,1
1207,0.04743231827317085,0.9525676817268292,1,1
1208,0.03795766822209486,0.9620423317779051,1,1
1209,0.921705588050884,0.078294411949116,0,0
1210,0.13946477425744006,0.8605352257425599,1,1
1211,0.7586328773447631,0.2413671226552369,0,1
1212,0.09041708503633358,0.9095829149636664,1,1
1213,0.9132378031871621,0.08676219681283794,0,0
1214,0.08744180209016908,0.9125581979098308,1,1
1215,0.5099156758654696,0.4900843241345304,0,1
1216,0.05016919657875115,0.9498308034212488,1,1
1217,0.48533406344278046,0.5146659365572195,1,0
1218,0.8019257747398251,0.19807422526017496,0,0
1219,0.9423791989716891,0.057620801028310936,0,0
1220,0.8813253160633134,0.1186746839366865,0,0
1221,0.9213873623428321,0.0786126376571679,0,0
1222,0.07608576916223254,0.9239142308377675,1,1
1223,0.9259683583510203,0.07403164164897962,0,0
1224,0.9152814415342128,0.08471855846578721,0,0
1225,0.6411148967063078,0.3588851032936922,0,0
1226,0.2924636608798908,0.7075363391201093,1,1
1227,0.5346694248450693,0.46533057515493076,0,1
1228,0.9095033356092836,0.09049666439071635,0,0
1229,0.21760190480155817,0.782398095198442,1,1
1230,0.8697579954529657,0.13024200454703425,0,1
1231,0.8375582490588501,0.16244175094115001,0,0
1232,0.055232163537401145,0.9447678364625988,1,1
1233,0.8136710369974793,0.18632896300252058,0,0
1234,0.4790832236195904,0.5209167763804097,1,1
1235,0.3745717415857736,0.6254282584142263,1,0
1236,0.23582872827339593,0.764171271726604,1,1
1237,0.9220410719520705,0.07795892804792948,0,0
1238,0.9274219629807751,0.07257803701922497,0,0
1239,0.9300746284105413,0.06992537158945851,0,0
1240,0.1281555920201128,0.8718444079798872,1,1
1241,0.6369078549081629,0.3630921450918371,0,1
1242,0.0719629095328451,0.9280370904671549,1,1
1243,0.9422039289656579,0.05779607103434213,0,0
1244,0.91021615752866,0.08978384247134,0,1
1245,0.6056686522302467,0.39433134776975326,0,0
1246,0.9386540447192492,0.0613459552807509,0,0
1247,0.08902706746180081,0.9109729325381992,1,1
1248,0.9209315397266714,0.07906846027332858,0,0
1249,0.4061098957279397,0.5938901042720602,1,1
1250,0.15981542381256375,0.8401845761874364,1,1
1251,0.04465979291464084,0.9553402070853592,1,1
1252,0.9181129947023446,0.08188700529765527,0,0
1253,0.689539902850689,0.31046009714931105,0,1
1254,0.12110022517160872,0.8788997748283913,1,1
1255,0.12434957893477498,0.8756504210652251,1,1
1256,0.7846699759059818,0.21533002409401822,0,0
1257,0.920539878321567,0.07946012167843282,0,0
1258,0.11332577714510804,0.886674222854892,1,1
1259,0.12325545698753489,0.8767445430124651,1,1
1260,0.07499129231223572,0.9250087076877642,1,1
1261,0.3503711417413285,0.6496288582586714,1,0
1262,0.3913078507529987,0.6086921492470013,1,1
1263,0.09341254911474346,0.9065874508852566,1,0
1264,0.12216732962296524,0.8778326703770348,1,1
1265,0.12150700031520564,0.8784929996847944,1,1
1266,0.1719785102572569,0.8280214897427431,1,1
1267,0.19169374319853985,0.8083062568014602,1,1
1268,0.880100356578159,0.11989964342184094,0,0
1269,0.07807590186750661,0.9219240981324933,1,1
1270,0.7162786977271959,0.28372130227280423,0,1
1271,0.9489295947135045,0.05107040528649554,0,0
1272,0.9447156588303663,0.05528434116963364,0,0
1273,0.12767065104542707,0.8723293489545729,1,1
1274,0.10943699583335162,0.8905630041666484,1,1
1275,0.8183019001771972,0.1816980998228028,0,0
1276,0.8592513890718926,0.14074861092810736,0,0
1277,0.2633567074306398,0.7366432925693602,1,1
1278,0.9265180501304,0.07348194986960002,0,0
1279,0.7727802916322221,0.22721970836777786,0,1
1280,0.5894852941696145,0.4105147058303856,0,0
1281,0.8697543639029954,0.1302456360970045,0,0
1282,0.3026105582629658,0.6973894417370342,1,0
1283,0.463803915255556,0.5361960847444441,1,0
1284,0.2404845704401807,0.7595154295598193,1,1
1285,0.6348596488423132,0.3651403511576868,0,1
1286,0.8342289373466376,0.1657710626533624,0,0
1287,0.5706842154307219,0.42931578456927805,0,1
1288,0.5483948360081017,0.4516051639918983,0,1
1289,0.06473257570419014,0.9352674242958098,1,1
1290,0.06479656463999015,0.9352034353600099,1,1
1291,0.07113401745423002,0.92886598254577,1,1
1292,0.4508959145004486,0.5491040854995514,1,1
1293,0.5347195615126519,0.4652804384873482,0,0
1294,0.053370014784349745,0.9466299852156502,1,1
1295,0.10364709228146934,0.8963529077185307,1,1
1296,0.04421680524735763,0.9557831947526425,1,1
1297,0.4372381353763011,0.5627618646236989,1,1
1298,0.9093588701027394,0.09064112989726054,0,0
1299,0.8965651844403851,0.10343481555961498,0,0
1300,0.945072120366617,0.054927879633382984,0,0
1301,0.10978542281304715,0.8902145771869528,1,1
1302,0.9371932677350551,0.06280673226494488,0,0
1303,0.41802781039134657,0.5819721896086534,1,1
1304,0.19761948954663755,0.8023805104533623,1,0
1305,0.7475408047339108,0.2524591952660893,0,0
1306,0.10981631237912072,0.8901836876208793,1,1
1307,0.919256474211249,0.08074352578875088,0,0
1308,0.9459168131413028,0.0540831868586972,0,0
1309,0.12543460721151972,0.8745653927884803,1,1
1310,0.7091721774256572,0.29082782257434275,0,0
1311,0.15898526347086414,0.8410147365291357,1,1
1312,0.7797964502555654,0.2202035497444345,0,1
1313,0.5343665493728369,0.46563345062716305,0,1
1314,0.9132264106352301,0.08677358936476982,0,0
1315,0.7981131345442797,0.2018868654557202,0,0
1316,0.10754383278544205,0.892456167214558,1,1
1317,0.47265572656537336,0.5273442734346266,1,0
1318,0.8618724709524644,0.13812752904753553,0,0
1319,0.9042872070570226,0.09571279294297744,0,0
1320,0.04286228055338215,0.957137719446618,1,1
1321,0.13872020352027345,0.8612797964797265,1,0
1322,0.1992168318215814,0.8007831681784185,1,1
1323,0.912505712082396,0.08749428791760404,0,0
1324,0.8792868383360992,0.12071316166390077,0,0
1325,0.8762004480097109,0.12379955199028923,0,0
1326,0.08485060642258675,0.9151493935774133,1,1
1327,0.06968998802036727,0.9303100119796328,1,1
1328,0.14079326262331082,0.8592067373766892,1,1
1329,0.9051240346696253,0.09487596533037455,0,0
1330,0.5756022770268249,0.4243977229731752,0,0
1331,0.09157832552579263,0.9084216744742074,1,1
1332,0.8558212912768471,0.14417870872315294,0,0
1333,0.7222369336185355,0.2777630663814645,0,1
1334,0.9435462767702437,0.05645372322975624,0,0
1335,0.12078394857114816,0.8792160514288518,1,1
1336,0.9486783253734585,0.05132167462654155,0,0
1337,0.7560603256150515,0.24393967438494843,0,0
1338,0.5047375134724813,0.4952624865275187,0,0
1339,0.9015506427416861,0.0984493572583138,0,0
1340,0.3274426397282289,0.6725573602717712,1,1
1341,0.10824251038019102,0.8917574896198088,1,0
1342,0.7177947629884929,0.282205237011507,0,0
1343,0.10574920866282915,0.8942507913371708,1,0
1344,0.6996392750214653,0.3003607249785348,0,0
1345,0.1669755519437729,0.8330244480562271,1,1
1346,0.1619818198829412,0.8380181801170589,1,1
1347,0.9344130231726611,0.06558697682733902,0,0
1348,0.14036645621725588,0.859633543782744,1,1
1349,0.05355596913276732,0.9464440308672327,1,1
1350,0.6779964308685102,0.32200356913148975,0,0
1351,0.8997556746081322,0.10024432539186785,0,1
1352,0.05382816651006011,0.9461718334899398,1,1
1353,0.5601850554564085,0.43981494454359144,0,0
1354,0.9482809238763814,0.05171907612361863,0,0
1355,0.15170853296094466,0.8482914670390553,1,1
1356,0.13455135928015508,0.865448640719845,1,0
1357,0.033407539184971066,0.966592460815029,1,1
1358,0.9064858822532196,0.09351411774678049,0,0
1359,0.9026517888878696,0.09734821111213045,0,0
1360,0.20094502141563375,0.7990549785843662,1,1
1361,0.13584938935135857,0.8641506106486415,1,0
1362,0.8024515661787959,0.19754843382120418,0,0
1363,0.9247529919318924,0.07524700806810765,0,0
1364,0.16813862294773435,0.8318613770522656,1,1
1365,0.24769212519138137,0.7523078748086185,1,0
1366,0.7669466090326054,0.23305339096739466,0,1
1367,0.16489616256334666,0.8351038374366533,1,1
1368,0.8582202902899186,0.1417797097100814,0,0
1369,0.8114521477408205,0.18854785225917944,0,0
1370,0.14453169077441963,0.8554683092255804,1,1
1371,0.17639139006294388,0.8236086099370561,1,1
1372,0.8579763391535723,0.14202366084642767,0,0
1373,0.20451368681009024,0.7954863131899097,1,0
1374,0.24206041954384402,0.7579395804561561,1,0
1375,0.9357683562997984,0.06423164370020157,0,0
1376,0.15387194548616262,0.8461280545138374,1,1
1377,0.07415269487484405,0.9258473051251559,1,1
1378,0.11575156183729969,0.8842484381627004,1,1
1379,0.14651797129247301,0.8534820287075271,1,1
1380,0.1342508188752986,0.8657491811247013,1,1
1381,0.9487166290479406,0.05128337095205935,0,0
1382,0.06437457698782365,0.9356254230121764,1,1
1383,0.06860086263021993,0.9313991373697801,1,1
1384,0.10862037032401807,0.8913796296759819,1,1
1385,0.32069415342972696,0.679305846570273,1,1
1386,0.11242046643923509,0.8875795335607649,1,1
1387,0.8902135084470443,0.10978649155295583,0,0
1388,0.039697322992443516,0.9603026770075566,1,1
1389,0.7241637399066286,0.2758362600933713,0,0
1390,0.9268011017194631,0.07319889828053702,0,0
1391,0.8598585069011657,0.1401414930988343,0,0
1392,0.2729384001802168,0.7270615998197831,1,0
1393,0.9144450506246665,0.08555494937533356,0,0
1394,0.8634765458782458,0.13652345412175407,0,0
1395,0.10281967872074817,0.8971803212792518,1,1
1396,0.10084299804622471,0.8991570019537753,1,1
1397,0.16446243938751973,0.8355375606124803,1,1
1398,0.11283572012310117,0.8871642798768987,1,1
1399,0.9457827009230453,0.05421729907695471,0,0
1400,0.9001899090841922,0.09981009091580788,0,1
1401,0.5818679958203062,0.41813200417969376,0,0
1402,0.06746939836850187,0.9325306016314983,1,1
1403,0.15875739383868975,0.8412426061613102,1,0
1404,0.0862674331538276,0.9137325668461723,1,1
1405,0.09807210388149652,0.9019278961185034,1,1
1406,0.8332658884022655,0.16673411159773457,0,0
1407,0.45511894599299896,0.544881054007001,1,1
1408,0.13413253070857686,0.865867469291423,1,0
1409,0.35580514491986315,0.644194855080137,1,1
1410,0.8442585916964125,0.1557414083035875,0,0
1411,0.5016403670012295,0.4983596329987705,0,0
1412,0.9389081030712785,0.06109189692872147,0,0
1413,0.0689549644259834,0.9310450355740165,1,1
1414,0.740490119757655,0.25950988024234495,0,1
1415,0.39938531163964075,0.6006146883603593,1,0
1416,0.08378503136747363,0.9162149686325263,1,1
1417,0.10587194470451648,0.8941280552954834,1,1
1418,0.9104822050066763,0.08951779499332371,0,0
1419,0.9131406907329446,0.08685930926705542,0,0
1420,0.944270160293162,0.05572983970683795,0,0
1421,0.03983132856221688,0.9601686714377831,1,1
1422,0.48841107296776437,0.5115889270322357,1,1
1423,0.7743195070116344,0.22568049298836548,0,1
1424,0.2592666109855102,0.7407333890144898,1,1
1425,0.8874583670081612,0.11254163299183889,0,0
1426,0.5394644884845257,0.4605355115154744,0,1
1427,0.9127276404580408,0.0872723595419592,0,0
1428,0.7704155528983829,0.229584447101617,0,0
1429,0.13892555071453822,0.8610744492854618,1,1
1430,0.915132434253637,0.08486756574636303,0,0
1431,0.28504106737255414,0.7149589326274459,1,1
1432,0.1893780529628338,0.8106219470371662,1,0
1433,0.16274366271379295,0.8372563372862071,1,1
1434,0.08279370163514979,0.9172062983648502,1,1
1435,0.6484742696586114,0.3515257303413887,0,1
1436,0.7681659677174606,0.2318340322825395,0,1
1437,0.4526630902481495,0.5473369097518505,1,0
1438,0.10027440417337898,0.899725595826621,1,1
1439,0.058230310050649034,0.941769689949351,1,1
1440,0.7491106021899155,0.25088939781008446,0,0
1441,0.17505659800530823,0.8249434019946917,1,1
1442,0.40111253532949454,0.5988874646705056,1,0
1443,0.14023001636392343,0.8597699836360766,1,1
1444,0.0652675528630241,0.934732447136976,1,0
1445,0.15726649580946953,0.8427335041905305,1,1
1446,0.937010273145701,0.06298972685429899,0,0
1447,0.1980732977834604,0.8019267022165396,1,1
1448,0.8024944098937319,0.19750559010626811,0,0
1449,0.4777014877277812,0.5222985122722188,1,0
1450,0.9125899179241821,0.08741008207581784,0,0
1451,0.08673972690332103,0.9132602730966789,1,1
1452,0.9289668088128307,0.07103319118716934,0,0
1453,0.9455645190456566,0.05443548095434332,0,0
1454,0.6267390105067889,0.3732609894932111,0,1
1455,0.29900297461303743,0.7009970253869625,1,1
1456,0.14635393078728517,0.8536460692127148,1,1
1457,0.9460621886507773,0.053937811349222715,0,0
1458,0.41051162256778984,0.5894883774322102,1,1
1459,0.4914900437972901,0.5085099562027099,1,0
1460,0.9334207435182171,0.06657925648178276,0,0
1461,0.07690146491407622,0.9230985350859238,1,1
1462,0.9160882180468772,0.08391178195312285,0,0
1463,0.7796380017303112,0.22036199826968894,0,0
1464,0.6886066376382117,0.3113933623617883,0,0
1465,0.22379730031627817,0.7762026996837219,1,0
1466,0.8570282076313894,0.14297179236861052,0,0
1467,0.2022386875101106,0.7977613124898894,1,1
1468,0.0664799086517065,0.9335200913482934,1,1
1469,0.7976915507209349,0.20230844927906502,0,0
1470,0.8868450730732433,0.11315492692675662,0,0
1471,0.9389089994992934,0.06109100050070661,0,0
1472,0.9042375440092842,0.0957624559907158,0,0
1473,0.07573851822771753,0.9242614817722824,1,1
1474,0.8784024928597564,0.12159750714024377,0,0
1475,0.3974743730834732,0.6025256269165268,1,0
1476,0.08485534175376769,0.9151446582462323,1,1
1477,0.07352959685419219,0.9264704031458079,1,1
1478,0.9157065937097897,0.08429340629021032,0,1
1479,0.10779943949876003,0.89220056050124,1,1
1480,0.08426591714793817,0.9157340828520618,1,1
1481,0.7668809498868726,0.23311905011312728,0,0
1482,0.1056501651413229,0.8943498348586771,1,1
1483,0.07050552416880687,0.929494475831193,1,1
1484,0.0626184176006142,0.9373815823993858,1,0
1485,0.12230854662457401,0.8776914533754261,1,1
1486,0.5010593661845973,0.4989406338154026,0,1
1487,0.0672391742793513,0.9327608257206487,1,1
1488,0.8961380798626316,0.10386192013736842,0,0
1489,0.07815216210012862,0.9218478378998713,1,1
1490,0.44254330025409744,0.5574566997459026,1,0
1491,0.9082890885948558,0.09171091140514416,0,0
1492,0.5196786232666167,0.48032137673338327,0,1
1493,0.9032270923965895,0.09677290760341044,0,0
1494,0.18842993853440454,0.8115700614655954,1,1
1495,0.18179564253725086,0.8182043574627492,1,1
1496,0.17694179862942455,0.8230582013705754,1,1
1497,0.16151885433524324,0.8384811456647568,1,1
1498,0.10101972089474533,0.8989802791052547,1,1
1499,0.07817875731604336,0.9218212426839566,1,1
1500,0.9430552906602021,0.05694470933979793,0,0
1501,0.7489601511229892,0.2510398488770108,0,0
1502,0.4344621612193533,0.5655378387806467,1,0
1503,0.09228012626845924,0.9077198737315406,1,1
1504,0.3861816962403917,0.6138183037596083,1,0
1505,0.9264858699113684,0.07351413008863159,0,0
1506,0.7325144441510907,0.26748555584890926,0,0
1507,0.0761504507894547,0.9238495492105453,1,0
1508,0.143258516330411,0.8567414836695889,1,0
1509,0.8566629361727969,0.14333706382720313,0,1
1510,0.11089885388400764,0.8891011461159923,1,1
1511,0.9377241565476152,0.062275843452384905,0,0
1512,0.09490699947362474,0.9050930005263752,1,0
1513,0.9281269574981516,0.07187304250184845,0,0
1514,0.9032684755164571,0.09673152448354293,0,0
1515,0.0936204373506197,0.9063795626493802,1,1
1516,0.3757473661806893,0.6242526338193107,1,0
1517,0.09043591629267815,0.9095640837073219,1,1
1518,0.7359815034016886,0.26401849659831145,0,0
1519,0.9155968841307299,0.08440311586927003,0,0
1520,0.9220936463630821,0.07790635363691781,0,0
1521,0.17267901969267824,0.8273209803073218,1,0
1522,0.16162128678874746,0.8383787132112526,1,0
1523,0.09379736901704896,0.906202630982951,1,1
1524,0.10544576603026913,0.8945542339697309,1,1
1525,0.5523386590389731,0.44766134096102694,0,1
1526,0.3627810996573641,0.6372189003426358,1,0
1527,0.16438355344532685,0.8356164465546732,1,1
1528,0.07311937990798593,0.9268806200920141,1,1
1529,0.9000529383629264,0.0999470616370736,0,0
1530,0.7372220010875337,0.2627779989124663,0,0
1531,0.14980258868712032,0.8501974113128797,1,1
1532,0.821872254683874,0.17812774531612602,0,0
1533,0.09651579357196151,0.9034842064280384,1,1
1534,0.40889911525379563,0.5911008847462044,1,1
1535,0.0740062415763934,0.9259937584236066,1,1
1536,0.9016489192761005,0.09835108072389956,0,0
1537,0.10349269198729927,0.8965073080127007,1,0
1538,0.8621848486972756,0.13781515130272437,0,0
1539,0.9289586587924977,0.07104134120750226,0,0
1540,0.9109822914042854,0.08901770859571446,0,0
1541,0.9503745853217326,0.04962541467826754,0,0
1542,0.9515577021769515,0.04844229782304847,0,0
1543,0.38172156271744123,0.6182784372825588,1,0
1544,0.289085950807588,0.7109140491924121,1,1
1545,0.9442461149902359,0.05575388500976421,0,0
1546,0.8934010860449462,0.10659891395505375,0,0
1547,0.10739489236642323,0.8926051076335767,1,1
1548,0.07282484694043923,0.9271751530595608,1,1
1549,0.9478332866956451,0.05216671330435489,0,0
1550,0.6643310384931973,0.3356689615068027,0,0
1551,0.8103834342159371,0.18961656578406294,0,0
1552,0.45539439006894167,0.5446056099310583,1,1
1553,0.6450451163654284,0.3549548836345716,0,0
1554,0.6082193709797409,0.3917806290202591,0,1
1555,0.5569778856328509,0.44302211436714917,0,0
1556,0.08554066277047384,0.9144593372295261,1,1
1557,0.07760128268713729,0.9223987173128626,1,1
1558,0.14054536931117953,0.8594546306888204,1,1
1559,0.9460060860671946,0.05399391393280547,0,0
1560,0.8519007585091082,0.1480992414908919,0,1
1561,0.9357285204183068,0.06427147958169319,0,0
1562,0.743487703902542,0.25651229609745796,0,1
1563,0.5870932419493758,0.41290675805062416,0,0
1564,0.38398767054122523,0.6160123294587747,1,1
1565,0.9092435874023295,0.09075641259767056,0,0
1566,0.8737209590633132,0.1262790409366867,0,0
1567,0.802198344715203,0.1978016552847971,0,0
1568,0.6798923981429598,0.3201076018570401,0,1
1569,0.047706024215775696,0.9522939757842243,1,1
1570,0.8052224050841308,0.19477759491586924,0,1
1571,0.24961440319337025,0.7503855968066296,1,1
1572,0.050033133220419024,0.9499668667795811,1,0
1573,0.06077703798160385,0.9392229620183962,1,1
1574,0.5307272593269747,0.46927274067302527,0,0
1575,0.06020916033513939,0.9397908396648607,1,1
1576,0.804440434741154,0.19555956525884607,0,0
1577,0.6949942900437196,0.30500570995628035,0,1
1578,0.1047569370915911,0.8952430629084089,1,1
1579,0.9313190631344537,0.06868093686554629,0,0
1580,0.30723684580396177,0.6927631541960382,1,1
1581,0.9484533801488573,0.05154661985114273,0,0
1582,0.8802114605898447,0.11978853941015531,0,0
1583,0.7242015821500247,0.2757984178499752,0,0
1584,0.3445349992609647,0.6554650007390354,1,1
1585,0.08721004249682321,0.9127899575031767,1,1
1586,0.5476930699985801,0.45230693000141986,0,1
1587,0.1350709833687009,0.8649290166312991,1,1
1588,0.05214205708302305,0.947857942916977,1,1
1589,0.07874607816578522,0.9212539218342147,1,1
1590,0.8731142069615169,0.12688579303848319,0,0
1591,0.9269721008312569,0.07302789916874311,0,0
1592,0.08682436796071757,0.9131756320392825,1,1
1593,0.8239889480087477,0.17601105199125222,0,0
1594,0.9452340797463972,0.05476592025360279,0,0
1595,0.08684352478320995,0.91315647521679,1,1
1596,0.09907552751712023,0.9009244724828799,1,1
1597,0.05500469458505004,0.9449953054149499,1,1
1598,0.11139344820478998,0.88860655179521,1,1
1599,0.8564520285067662,0.14354797149323378,0,0
1600,0.9336896250497119,0.06631037495028821,0,0
1601,0.04079021141196701,0.959209788588033,1,1
1602,0.06811094510924576,0.9318890548907541,1,1
1603,0.11317715178222648,0.8868228482177736,1,1
1604,0.6700696170839501,0.3299303829160498,0,0
1605,0.8993617640269297,0.10063823597307044,0,0
1606,0.051428315053624586,0.9485716849463754,1,1
1607,0.48668814382730746,0.5133118561726926,1,1
1608,0.851140107715079,0.148859892284921,0,0
1609,0.8800571105228406,0.11994288947715936,0,1
1610,0.28923245473476705,0.710767545265233,1,0
1611,0.24492745611882008,0.7550725438811798,1,0
1612,0.914099874399377,0.0859001256006229,0,0
1613,0.909122877072149,0.09087712292785091,0,0
1614,0.8728414740656204,0.12715852593437957,0,1
1615,0.9496103188435666,0.05038968115643344,0,0
1616,0.904634623380702,0.09536537661929803,0,0
1617,0.08691555996665351,0.9130844400333464,1,1
1618,0.5159980404275031,0.4840019595724969,0,0
1619,0.19799311357044852,0.8020068864295514,1,1
1620,0.6764553356708015,0.32354466432919854,0,1
1621,0.8656256361869413,0.13437436381305864,0,0
1622,0.5016403670012295,0.4983596329987705,0,0
1623,0.8263788081436276,0.17362119185637245,0,0
1624,0.8174855327068791,0.18251446729312099,0,0
1625,0.7601951906569322,0.23980480934306778,0,0
1626,0.0932533168249339,0.9067466831750661,1,1
1627,0.6963867370899911,0.30361326291000884,0,1
1628,0.07186952508835769,0.9281304749116422,1,1
1629,0.642622026686993,0.35737797331300697,0,1
1630,0.9389607326435634,0.06103926735643669,0,0
1631,0.04717331185862734,0.9528266881413726,1,0
1632,0.865955407751563,0.13404459224843707,0,1
1633,0.6704519357926917,0.32954806420730826,0,1
1634,0.05967849404080517,0.9403215059591948,1,1
1635,0.13133397002020966,0.8686660299797905,1,0
1636,0.16340564495439452,0.8365943550456054,1,1
1637,0.07002094190767053,0.9299790580923294,1,1
1638,0.24335297947365023,0.7566470205263498,1,1
1639,0.10783386967063431,0.8921661303293656,1,0
1640,0.9464500722617624,0.05354992773823754,0,0
1641,0.8740221911541576,0.12597780884584237,0,0
1642,0.17626059079723713,0.8237394092027629,1,1
1643,0.9310685154998244,0.0689314845001757,0,0
1644,0.8710398346754976,0.12896016532450244,0,0
1645,0.951019269790694,0.048980730209305955,0,0
1646,0.38184477041675285,0.6181552295832472,1,0
1647,0.6531404447619051,0.3468595552380949,0,1
1648,0.8276990288204075,0.17230097117959267,0,1
1649,0.26578867445390675,0.7342113255460934,1,1
1650,0.15175232077600367,0.8482476792239964,1,1
1651,0.9232916661068473,0.0767083338931526,0,0
1652,0.9425128108355469,0.057487189164453126,0,0
1653,0.07487982174903941,0.9251201782509606,1,1
1654,0.15103411509177841,0.8489658849082216,1,1
1655,0.0818411514571097,0.9181588485428903,1,1
1656,0.16054982919884866,0.8394501708011515,1,0
1657,0.05118464836924857,0.9488153516307514,1,1
1658,0.9414712056590108,0.05852879434098911,0,0
1659,0.05466955029566965,0.9453304497043303,1,1
1660,0.7409835821221309,0.2590164178778691,0,0
1661,0.04687619180245779,0.9531238081975422,1,1
1662,0.8152781573829362,0.1847218426170637,0,0
1663,0.08800283165012104,0.9119971683498789,1,1
1664,0.7615322982716355,0.2384677017283644,0,0
1665,0.11419385262784083,0.8858061473721592,1,1
1666,0.49761155923216716,0.502388440767833,1,0
1667,0.11057082591420436,0.8894291740857957,1,1
1668,0.06028847336400994,0.9397115266359901,1,1
1669,0.08595170100451659,0.9140482989954835,1,0
1670,0.17672232498399412,0.8232776750160059,1,1
1671,0.9433496556610844,0.056650344338915526,0,0
1672,0.9263504758304714,0.07364952416952864,0,0
1673,0.8876706718729744,0.11232932812702569,0,0
1674,0.8772392898474997,0.12276071015250026,0,0
1675,0.3840302860571475,0.6159697139428524,1,0
1676,0.05845299157049504,0.9415470084295049,1,1
1677,0.9295439838057928,0.07045601619420704,0,0
1678,0.2075895741593921,0.7924104258406078,1,0
1679,0.09226092648911098,0.907739073510889,1,1
1680,0.13311582638604097,0.8668841736139591,1,1
1681,0.07729572631501784,0.9227042736849822,1,1
1682,0.1294895868947919,0.870510413105208,1,1
1683,0.9473100873238691,0.052689912676130775,0,0
1684,0.9200606909600648,0.07993930903993524,0,0
1685,0.9280781367286354,0.07192186327136467,0,0
1686,0.04848758491858677,0.9515124150814133,1,1
1687,0.9048544928460909,0.0951455071539091,0,0
1688,0.9443098827222267,0.05569011727777327,0,0
1689,0.11171150018301043,0.8882884998169895,1,1
1690,0.9352730436837112,0.06472695631628887,0,0
1691,0.893193252615399,0.10680674738460093,0,0
1692,0.13466278662256465,0.8653372133774353,1,1
1693,0.6489104135050461,0.35108958649495386,0,1
1694,0.0877077714851807,0.9122922285148193,1,1
1695,0.9199041798355575,0.08009582016444258,0,1
1696,0.7761508505333462,0.2238491494666538,0,0
1697,0.32352551912992333,0.6764744808700767,1,0
1698,0.9071804121488445,0.09281958785115554,0,0
1699,0.25406558235991233,0.7459344176400877,1,0
1700,0.9269574057215737,0.07304259427842634,0,1
1701,0.05461667415614969,0.9453833258438503,1,1
1702,0.6483996736642036,0.3516003263357964,0,0
1703,0.8802830309390595,0.11971696906094058,0,0
1704,0.46766533486232703,0.532334665137673,1,0
1705,0.9342574526570436,0.06574254734295641,0,0
1706,0.9045683938914243,0.09543160610857575,0,0
1707,0.9351855348809329,0.06481446511906709,0,0
1708,0.10154889884597808,0.8984511011540218,1,0
1709,0.1219836117125819,0.8780163882874181,1,1
1710,0.9468611107259728,0.05313888927402729,0,0
1711,0.09816592303580389,0.901834076964196,1,1
1712,0.17648483255325115,0.8235151674467488,1,1
1713,0.8528138821880189,0.1471861178119811,0,0
1714,0.08248267788466783,0.9175173221153322,1,1
1715,0.9363386016442863,0.06366139835571374,0,0
1716,0.933599047365522,0.06640095263447798,0,0
1717,0.4830474477050094,0.5169525522949906,1,1
1718,0.11894161725749108,0.8810583827425089,1,1
1719,0.8984024090001668,0.10159759099983333,0,0
1720,0.9499900662515834,0.0500099337484166,0,0
1721,0.9441527471574607,0.05584725284253938,0,0
1722,0.6768157601064795,0.3231842398935205,0,0
1723,0.8165948150964344,0.18340518490356564,0,1
1724,0.2837566615440168,0.7162433384559832,1,1
1725,0.17542427434403168,0.8245757256559684,1,1
1726,0.8305625340335944,0.16943746596640566,0,0
1727,0.2342333548020939,0.7657666451979062,1,1
1728,0.13097258061788333,0.8690274193821167,1,1
1729,0.9332516045013824,0.06674839549861747,0,0
1730,0.41101366890905755,0.5889863310909426,1,1
1731,0.5599179370251617,0.44008206297483843,0,1
1732,0.5734374417402687,0.4265625582597313,0,0
1733,0.9017855361031746,0.09821446389682534,0,0
1734,0.09292403173453886,0.907075968265461,1,1
1735,0.0709478433248236,0.9290521566751765,1,1
1736,0.923840779067489,0.07615922093251114,0,0
1737,0.9045974883996553,0.09540251160034469,0,0
1738,0.9277383912792568,0.07226160872074308,0,0
1739,0.8974491349977772,0.10255086500222274,0,1
1740,0.612345031075393,0.387654968924607,0,0
1741,0.9422027704478624,0.0577972295521375,0,0
1742,0.06653759594083562,0.9334624040591644,1,1
1743,0.7002834259964056,0.2997165740035943,0,0
1744,0.9168880632289749,0.08311193677102514,0,0
1745,0.25377477074363786,0.7462252292563623,1,1
1746,0.0926831809338926,0.9073168190661074,1,1
1747,0.15448055570568586,0.845519444294314,1,0
1748,0.321481624488461,0.6785183755115389,1,0
1749,0.07433043223623717,0.9256695677637629,1,1
1750,0.6669171028885075,0.3330828971114925,0,0
1751,0.08730434021652404,0.9126956597834759,1,1
1752,0.0698842055927692,0.9301157944072309,1,1
1753,0.9345666031407451,0.06543339685925494,0,0
1754,0.056731920237991534,0.9432680797620084,1,1
1755,0.9222220638007346,0.07777793619926537,0,1
1756,0.17131197753481175,0.8286880224651884,1,1
1757,0.13656771304521015,0.8634322869547898,1,1
1758,0.8081245477197528,0.19187545228024716,0,0
1759,0.5666972682940696,0.4333027317059304,0,1
1760,0.8283971603067112,0.1716028396932887,0,0
1761,0.2419218941418171,0.7580781058581828,1,1
1762,0.9531188252781383,0.046881174721861714,0,0
1763,0.6167638828997565,0.3832361171002436,0,0
1764,0.06196331422290786,0.9380366857770922,1,1
1765,0.06659191533595048,0.9334080846640496,1,1
1766,0.14183389897806092,0.8581661010219391,1,1
1767,0.8583126291445012,0.14168737085549876,0,0
1768,0.12568631001632705,0.874313689983673,1,0
1769,0.08622555276333044,0.9137744472366696,1,1
1770,0.35873693774885723,0.6412630622511427,1,0
1771,0.7933473959758622,0.20665260402413776,0,0
1772,0.9256316994324789,0.07436830056752107,0,0
1773,0.11847775568499148,0.8815222443150086,1,1
1774,0.065046661423357,0.934953338576643,1,0
1775,0.9424769651343923,0.057523034865607746,0,0
1776,0.9352434888736679,0.0647565111263321,0,0
1777,0.4015164594581033,0.5984835405418967,1,0
1778,0.9278354180878834,0.07216458191211673,0,0
1779,0.9474406791539881,0.052559320846011955,0,0
1780,0.2276995176401094,0.7723004823598907,1,1
1781,0.1649138118810037,0.8350861881189964,1,1
1782,0.7511988996846465,0.24880110031535344,0,0
1783,0.1670710820373495,0.8329289179626506,1,1
1784,0.9488592622586033,0.051140737741396776,0,0
1785,0.9320978206744116,0.06790217932558835,0,0
1786,0.9448848950226061,0.05511510497739394,0,0
1787,0.9339592901676331,0.0660407098323669,0,0
1788,0.07958552221793104,0.920414477782069,1,1
1789,0.8909607888490373,0.10903921115096267,0,0
1790,0.21023714965535245,0.7897628503446475,1,1
1791,0.17887241736095502,0.8211275826390451,1,0
1792,0.11297058648325053,0.8870294135167496,1,1
1793,0.42609057555471946,0.5739094244452805,1,0
1794,0.9183011612881625,0.08169883871183732,0,0
1795,0.9275472970774248,0.07245270292257525,0,0
1796,0.8742060328292847,0.12579396717071534,0,0
1797,0.8562339439349723,0.14376605606502765,0,1
1798,0.9262615887770568,0.07373841122294315,0,0
1799,0.27475729103264623,0.7252427089673539,1,1
1800,0.05411729355112604,0.945882706448874,1,1
1801,0.05662853589713232,0.9433714641028678,1,1
1802,0.05634762051989122,0.9436523794801088,1,1
1803,0.08639612816436436,0.9136038718356355,1,1
1804,0.05547964229173303,0.944520357708267,1,1
1805,0.8574327407800243,0.14256725921997573,0,1
1806,0.17815506283008303,0.8218449371699169,1,1
1807,0.08651405386958393,0.913485946130416,1,1
1808,0.9205173876510453,0.07948261234895473,0,0
1809,0.5554748595664956,0.44452514043350444,0,1
1810,0.6044518365035255,0.39554816349647454,0,1
1811,0.11049323943145302,0.8895067605685469,1,1
1812,0.5552852424486675,0.4447147575513326,0,0
1813,0.09285864927576984,0.9071413507242301,1,1
1814,0.12793403727903618,0.8720659627209639,1,1
1815,0.07598822274904003,0.92401177725096,1,1
1816,0.20444170751374185,0.7955582924862582,1,1
1817,0.05806337548649182,0.9419366245135082,1,1
1818,0.9409421370757964,0.05905786292420363,0,0
1819,0.43059026504764664,0.5694097349523534,1,1
1820,0.30705686307426444,0.6929431369257356,1,1
1821,0.15733109692172825,0.8426689030782718,1,1
1822,0.3623305754157022,0.6376694245842978,1,1
1823,0.9403738665017878,0.05962613349821214,0,0
1824,0.7292018923385739,0.27079810766142604,0,0
1825,0.3558884425827166,0.6441115574172834,1,1
1826,0.9275709527467387,0.07242904725326135,0,0
1827,0.6792457940011555,0.32075420599884463,0,0
1828,0.8803554697538626,0.11964453024613743,0,0
1829,0.07635782460756248,0.9236421753924375,1,1
1830,0.2527889367051465,0.7472110632948534,1,0
1831,0.6622726712001026,0.3377273287998975,0,0
1832,0.9373361013535396,0.06266389864646028,0,0
1833,0.743021227817942,0.25697877218205806,0,0
1834,0.9305877970391765,0.06941220296082364,0,0
1835,0.09756309355411377,0.9024369064458863,1,1
1836,0.4165274065479862,0.5834725934520139,1,0
1837,0.8476175198306011,0.152382480169399,0,0
1838,0.03606281991760349,0.9639371800823965,1,1
1839,0.8560197080573718,0.1439802919426283,0,0
1840,0.10828407813886035,0.8917159218611396,1,1
1841,0.614794185960831,0.385205814039169,0,0
1842,0.8037064109663687,0.1962935890336313,0,0
1843,0.1342968128348776,0.8657031871651223,1,1
1844,0.9383490263475398,0.06165097365246017,0,0
1845,0.11420612661817933,0.8857938733818208,1,1
1846,0.3567745158976698,0.6432254841023303,1,0
1847,0.12922650859264548,0.8707734914073545,1,1
1848,0.04492193313979038,0.9550780668602097,1,1
1849,0.9359722350464662,0.0640277649535338,0,0
1850,0.06786496812716152,0.9321350318728384,1,1
1851,0.5334080712068332,0.46659192879316674,0,1
1852,0.9200687981046776,0.07993120189532248,0,0
1853,0.09045525147133332,0.9095447485286667,1,1
1854,0.683478762959182,0.3165212370408181,0,1
1855,0.8022075042974482,0.19779249570255186,0,0
1856,0.060966022188176906,0.9390339778118232,1,1
1857,0.5288785491479966,0.47112145085200335,0,1
1858,0.7619792609747174,0.2380207390252826,0,1
1859,0.6725437105214481,0.3274562894785519,0,0
1860,0.22386214284160355,0.7761378571583964,1,1
1861,0.054817565460533305,0.9451824345394667,1,1
1862,0.14128868916037288,0.858711310839627,1,1
1863,0.8858926083945687,0.11410739160543132,0,0
1864,0.13434461812958298,0.8656553818704169,1,1
1865,0.0670316011484994,0.9329683988515006,1,1
1866,0.12437186239317753,0.8756281376068225,1,1
1867,0.6079170337371355,0.39208296626286465,0,0
1868,0.06608428258449545,0.9339157174155045,1,1
1869,0.7434218710003794,0.25657812899962074,0,0
1870,0.050063160688253616,0.9499368393117464,1,1
1871,0.079376361043115,0.920623638956885,1,0
1872,0.9420437662412114,0.057956233758788674,0,0
1873,0.8413822123757715,0.15861778762422848,0,0
1874,0.9431085886445935,0.05689141135540643,0,0
1875,0.8303662177027251,0.16963378229727497,0,0
1876,0.9359652975219271,0.06403470247807291,0,0
1877,0.9338514970196206,0.06614850298037937,0,0
1878,0.267487270050535,0.7325127299494649,1,1
1879,0.6164693304588098,0.38353066954119014,0,0
1880,0.6403388106899324,0.3596611893100677,0,1
1881,0.12724709740687953,0.8727529025931204,1,1
1882,0.7748299481490495,0.22517005185095051,0,1
1883,0.10116709306425792,0.8988329069357421,1,1
1884,0.16728736503644012,0.8327126349635599,1,0
1885,0.46841339615996497,0.531586603840035,1,0
1886,0.17668604528851103,0.8233139547114889,1,1
1887,0.6342618350455188,0.36573816495448125,0,0
1888,0.8831125886144028,0.1168874113855973,0,0
1889,0.08553965890453737,0.9144603410954626,1,1
1890,0.10207596663225883,0.8979240333677412,1,1
1891,0.1049619580188109,0.8950380419811891,1,1
1892,0.18528206120480278,0.8147179387951972,1,1
1893,0.21862415524370282,0.7813758447562972,1,0
1894,0.9500642852766127,0.04993571472338733,0,0
1895,0.7849755146965254,0.21502448530347457,0,0
1896,0.909655324088702,0.09034467591129813,0,0
1897,0.9241914624801536,0.07580853751984634,0,0
1898,0.9144019557742085,0.08559804422579152,0,0
1899,0.054330410978575716,0.9456695890214244,1,1
1900,0.7916625836472603,0.2083374163527398,0,0
1901,0.8095009726289376,0.1904990273710624,0,0
1902,0.05221707136015287,0.9477829286398471,1,1
1903,0.053191667410552174,0.9468083325894477,1,1
1904,0.9209589030726568,0.0790410969273432,0,0
1905,0.07766675947518241,0.9223332405248177,1,1
1906,0.20711586033164542,0.7928841396683546,1,1
1907,0.15976477768875724,0.8402352223112427,1,1
1908,0.07197071572916765,0.9280292842708323,1,1
1909,0.5132188852901631,0.48678111470983687,0,0
1910,0.06196826907878776,0.9380317309212123,1,1
1911,0.06960337457196933,0.9303966254280307,1,1
1912,0.05918480380340329,0.9408151961965967,1,1
1913,0.0778908431516537,0.9221091568483463,1,0
1914,0.4294095834514838,0.5705904165485163,1,1
1915,0.06984489780417444,0.9301551021958256,1,1
1916,0.7382074407922102,0.26179255920778965,0,1
1917,0.929865782704796,0.07013421729520396,0,0
1918,0.24779595873973548,0.7522040412602646,1,0
1919,0.9370809222329394,0.0629190777670607,0,1
1920,0.9425524075335674,0.057447592466432676,0,0
1921,0.23391451360235896,0.7660854863976411,1,1
1922,0.8466494541175461,0.15335054588245378,0,0
1923,0.8924276771667318,0.10757232283326831,0,0
1924,0.06068835205944847,0.9393116479405516,1,1
1925,0.2366215999433584,0.7633784000566416,1,1
1926,0.13319665939452177,0.8668033406054781,1,1
1927,0.5902204637006104,0.4097795362993897,0,0
1928,0.29866560440851386,0.7013343955914861,1,1
1929,0.07960881497288788,0.9203911850271121,1,1
1930,0.05583021545259029,0.9441697845474096,1,0
1931,0.9399671584216082,0.06003284157839187,0,0
1932,0.571660230076734,0.4283397699232659,0,0
1933,0.5230177343470186,0.4769822656529813,0,1
1934,0.42496650578352774,0.5750334942164722,1,1
1935,0.330872900902684,0.6691270990973159,1,0
1936,0.08234043539063526,0.9176595646093646,1,1
1937,0.9487801333306884,0.05121986666931166,0,0
1938,0.509889334142862,0.49011066585713814,0,0
1939,0.4526607537566118,0.5473392462433883,1,0
1940,0.828994754219229,0.171005245780771,0,0
1941,0.17427569646905897,0.825724303530941,1,1
1942,0.8367390069685848,0.16326099303141517,0,0
1943,0.45825591107606084,0.5417440889239392,1,1
1944,0.7934423362295774,0.2065576637704225,0,1
1945,0.7319298785434395,0.2680701214565605,0,0
1946,0.11440840201540232,0.8855915979845976,1,1
1947,0.8519959795923885,0.1480040204076115,0,0
1948,0.8985532241587489,0.10144677584125093,0,0
1949,0.9468132822583301,0.05318671774166994,0,0
1950,0.14738122752895771,0.8526187724710423,1,1
1951,0.17123845823090747,0.8287615417690924,1,0
1952,0.9450411951066293,0.054958804893370766,0,0
1953,0.06632009747935051,0.9336799025206495,1,1
1954,0.05750788261269819,0.9424921173873019,1,1
1955,0.07110768445098523,0.9288923155490149,1,1
1956,0.24566676524716582,0.7543332347528342,1,1
1957,0.8964555076741296,0.10354449232587032,0,0
1958,0.8326260006169411,0.16737399938305889,0,0
1959,0.8586709245068573,0.14132907549314266,0,0
1960,0.11118486157746091,0.8888151384225391,1,0
1961,0.6774327403334426,0.32256725966655736,0,1
1962,0.3930648378047527,0.6069351621952472,1,1
1963,0.8752268427752602,0.12477315722473978,0,1
1964,0.1734613438351406,0.8265386561648593,1,1
1965,0.590624589401286,0.409375410598714,0,0
1966,0.5993330326917625,0.40066696730823737,0,1
1967,0.8076288444833528,0.1923711555166473,0,1
1968,0.08384880673382393,0.916151193266176,1,1
1969,0.1943015751330627,0.8056984248669372,1,1
1970,0.06362140262982895,0.9363785973701712,1,1
1971,0.927068833631883,0.07293116636811701,0,0
1972,0.07057680428754705,0.9294231957124529,1,1
1973,0.9058601931193798,0.09413980688062015,0,0
1974,0.13006339628482635,0.8699366037151737,1,1
1975,0.08263337464186604,0.9173666253581341,1,1
1976,0.9356325047529035,0.06436749524709656,0,0
1977,0.9462984648824316,0.053701535117568394,0,0
1978,0.05099525439131604,0.949004745608684,1,1
1979,0.9447987977759627,0.055201202224037474,0,0
1980,0.8288255557434545,0.17117444425654554,0,0
1981,0.09039281366979163,0.9096071863302084,1,1
1982,0.9228008940474683,0.07719910595253168,0,0
1983,0.9172532583324987,0.08274674166750136,0,0
1984,0.9404487762410276,0.05955122375897244,0,0
1985,0.035994544223581955,0.964005455776418,1,1
1986,0.8005736126299169,0.19942638737008314,0,0
1987,0.3012169349805904,0.6987830650194097,1,0
1988,0.2091898174893905,0.7908101825106094,1,1
1989,0.9223989935627259,0.07760100643727413,0,0
1990,0.6421262310398529,0.3578737689601471,0,0
1991,0.2959810501171044,0.7040189498828955,1,1
1992,0.6863180548462894,0.3136819451537107,0,0
1993,0.9403449715192769,0.059655028480723,0,0
1994,0.2618028085874788,0.7381971914125213,1,1
1995,0.10518978592246069,0.8948102140775392,1,1
1996,0.09603534413146335,0.9039646558685366,1,1
1997,0.03795802673731081,0.9620419732626893,1,1
1998,0.8445768216958313,0.15542317830416869,0,0
1999,0.27299162468548105,0.7270083753145189,1,1
